/*
Navicat MySQL Data Transfer

Source Server         : local
Source Server Version : 50719
Source Host           : localhost:3306
Source Database       : turbosloth-boot

Target Server Type    : MYSQL
Target Server Version : 50719
File Encoding         : 65001

Date: 2020-09-11 19:34:26
*/

SET FOREIGN_KEY_CHECKS=0;

-- ----------------------------
-- Table structure for gen_table
-- ----------------------------
DROP TABLE IF EXISTS `gen_table`;
CREATE TABLE `gen_table` (
  `table_id` bigint(20) NOT NULL AUTO_INCREMENT COMMENT '编号',
  `table_name` varchar(200) DEFAULT '' COMMENT '表名称',
  `table_comment` varchar(500) DEFAULT '' COMMENT '表描述',
  `class_name` varchar(100) DEFAULT '' COMMENT '实体类名称',
  `tpl_category` varchar(200) DEFAULT 'crud' COMMENT '使用的模板（crud单表操作 tree树表操作）',
  `package_name` varchar(100) DEFAULT NULL COMMENT '生成包路径',
  `module_name` varchar(30) DEFAULT NULL COMMENT '生成模块名',
  `business_name` varchar(30) DEFAULT NULL COMMENT '生成业务名',
  `function_name` varchar(50) DEFAULT NULL COMMENT '生成功能名',
  `function_author` varchar(50) DEFAULT NULL COMMENT '生成功能作者',
  `gen_type` char(1) DEFAULT '0' COMMENT '生成代码方式（0zip压缩包 1自定义路径）',
  `gen_path` varchar(200) DEFAULT '/' COMMENT '生成路径（不填默认项目路径）',
  `options` varchar(1000) DEFAULT NULL COMMENT '其它生成选项',
  `create_by` varchar(64) DEFAULT '' COMMENT '创建者',
  `create_time` datetime DEFAULT NULL COMMENT '创建时间',
  `update_by` varchar(64) DEFAULT '' COMMENT '更新者',
  `update_time` datetime DEFAULT NULL COMMENT '更新时间',
  `remark` varchar(500) DEFAULT NULL COMMENT '备注',
  PRIMARY KEY (`table_id`)
) ENGINE=InnoDB AUTO_INCREMENT=2 DEFAULT CHARSET=utf8 COMMENT='代码生成业务表';

-- ----------------------------
-- Records of gen_table
-- ----------------------------
INSERT INTO `gen_table` VALUES ('1', 'sys_config', '参数配置表', 'SysConfig', 'crud', 'com.mxpio.turboslothboot.system', 'system', 'config', '参数配置', 'mxpio', '0', '/', null, 'admin', '2020-09-09 11:29:15', '', null, null);

-- ----------------------------
-- Table structure for gen_table_column
-- ----------------------------
DROP TABLE IF EXISTS `gen_table_column`;
CREATE TABLE `gen_table_column` (
  `column_id` bigint(20) NOT NULL AUTO_INCREMENT COMMENT '编号',
  `table_id` varchar(64) DEFAULT NULL COMMENT '归属表编号',
  `column_name` varchar(200) DEFAULT NULL COMMENT '列名称',
  `column_comment` varchar(500) DEFAULT NULL COMMENT '列描述',
  `column_type` varchar(100) DEFAULT NULL COMMENT '列类型',
  `java_type` varchar(500) DEFAULT NULL COMMENT 'JAVA类型',
  `java_field` varchar(200) DEFAULT NULL COMMENT 'JAVA字段名',
  `is_pk` char(1) DEFAULT NULL COMMENT '是否主键（1是）',
  `is_increment` char(1) DEFAULT NULL COMMENT '是否自增（1是）',
  `is_required` char(1) DEFAULT NULL COMMENT '是否必填（1是）',
  `is_insert` char(1) DEFAULT NULL COMMENT '是否为插入字段（1是）',
  `is_edit` char(1) DEFAULT NULL COMMENT '是否编辑字段（1是）',
  `is_list` char(1) DEFAULT NULL COMMENT '是否列表字段（1是）',
  `is_query` char(1) DEFAULT NULL COMMENT '是否查询字段（1是）',
  `query_type` varchar(200) DEFAULT 'EQ' COMMENT '查询方式（等于、不等于、大于、小于、范围）',
  `html_type` varchar(200) DEFAULT NULL COMMENT '显示类型（文本框、文本域、下拉框、复选框、单选框、日期控件）',
  `dict_type` varchar(200) DEFAULT '' COMMENT '字典类型',
  `sort` int(11) DEFAULT NULL COMMENT '排序',
  `create_by` varchar(64) DEFAULT '' COMMENT '创建者',
  `create_time` datetime DEFAULT NULL COMMENT '创建时间',
  `update_by` varchar(64) DEFAULT '' COMMENT '更新者',
  `update_time` datetime DEFAULT NULL COMMENT '更新时间',
  PRIMARY KEY (`column_id`)
) ENGINE=InnoDB AUTO_INCREMENT=11 DEFAULT CHARSET=utf8 COMMENT='代码生成业务表字段';

-- ----------------------------
-- Records of gen_table_column
-- ----------------------------
INSERT INTO `gen_table_column` VALUES ('1', '1', 'config_id', '参数主键', 'int(5)', 'Integer', 'configId', '1', '1', null, '1', null, null, null, 'EQ', 'input', '', '1', 'admin', '2020-09-09 11:29:15', '', null);
INSERT INTO `gen_table_column` VALUES ('2', '1', 'config_name', '参数名称', 'varchar(100)', 'String', 'configName', '0', '0', null, '1', '1', '1', '1', 'LIKE', 'input', '', '2', 'admin', '2020-09-09 11:29:15', '', null);
INSERT INTO `gen_table_column` VALUES ('3', '1', 'config_key', '参数键名', 'varchar(100)', 'String', 'configKey', '0', '0', null, '1', '1', '1', '1', 'EQ', 'input', '', '3', 'admin', '2020-09-09 11:29:15', '', null);
INSERT INTO `gen_table_column` VALUES ('4', '1', 'config_value', '参数键值', 'varchar(500)', 'String', 'configValue', '0', '0', null, '1', '1', '1', '1', 'EQ', 'textarea', '', '4', 'admin', '2020-09-09 11:29:15', '', null);
INSERT INTO `gen_table_column` VALUES ('5', '1', 'config_type', '系统内置（Y是 N否）', 'char(1)', 'String', 'configType', '0', '0', null, '1', '1', '1', '1', 'EQ', 'select', '', '5', 'admin', '2020-09-09 11:29:15', '', null);
INSERT INTO `gen_table_column` VALUES ('6', '1', 'create_by', '创建者', 'varchar(64)', 'String', 'createBy', '0', '0', null, '1', null, null, null, 'EQ', 'input', '', '6', 'admin', '2020-09-09 11:29:15', '', null);
INSERT INTO `gen_table_column` VALUES ('7', '1', 'create_time', '创建时间', 'datetime', 'Date', 'createTime', '0', '0', null, '1', null, null, null, 'EQ', 'datetime', '', '7', 'admin', '2020-09-09 11:29:16', '', null);
INSERT INTO `gen_table_column` VALUES ('8', '1', 'update_by', '更新者', 'varchar(64)', 'String', 'updateBy', '0', '0', null, '1', '1', null, null, 'EQ', 'input', '', '8', 'admin', '2020-09-09 11:29:16', '', null);
INSERT INTO `gen_table_column` VALUES ('9', '1', 'update_time', '更新时间', 'datetime', 'Date', 'updateTime', '0', '0', null, '1', '1', null, null, 'EQ', 'datetime', '', '9', 'admin', '2020-09-09 11:29:16', '', null);
INSERT INTO `gen_table_column` VALUES ('10', '1', 'remark', '备注', 'varchar(500)', 'String', 'remark', '0', '0', null, '1', '1', '1', null, 'EQ', 'textarea', '', '10', 'admin', '2020-09-09 11:29:16', '', null);

-- ----------------------------
-- Table structure for qrtz_blob_triggers
-- ----------------------------
DROP TABLE IF EXISTS `qrtz_blob_triggers`;
CREATE TABLE `qrtz_blob_triggers` (
  `sched_name` varchar(120) NOT NULL,
  `trigger_name` varchar(200) NOT NULL,
  `trigger_group` varchar(200) NOT NULL,
  `blob_data` blob,
  PRIMARY KEY (`sched_name`,`trigger_name`,`trigger_group`),
  CONSTRAINT `qrtz_blob_triggers_ibfk_1` FOREIGN KEY (`sched_name`, `trigger_name`, `trigger_group`) REFERENCES `qrtz_triggers` (`sched_name`, `trigger_name`, `trigger_group`)
) ENGINE=InnoDB DEFAULT CHARSET=utf8;

-- ----------------------------
-- Records of qrtz_blob_triggers
-- ----------------------------

-- ----------------------------
-- Table structure for qrtz_calendars
-- ----------------------------
DROP TABLE IF EXISTS `qrtz_calendars`;
CREATE TABLE `qrtz_calendars` (
  `sched_name` varchar(120) NOT NULL,
  `calendar_name` varchar(200) NOT NULL,
  `calendar` blob NOT NULL,
  PRIMARY KEY (`sched_name`,`calendar_name`)
) ENGINE=InnoDB DEFAULT CHARSET=utf8;

-- ----------------------------
-- Records of qrtz_calendars
-- ----------------------------

-- ----------------------------
-- Table structure for qrtz_cron_triggers
-- ----------------------------
DROP TABLE IF EXISTS `qrtz_cron_triggers`;
CREATE TABLE `qrtz_cron_triggers` (
  `sched_name` varchar(120) NOT NULL,
  `trigger_name` varchar(200) NOT NULL,
  `trigger_group` varchar(200) NOT NULL,
  `cron_expression` varchar(200) NOT NULL,
  `time_zone_id` varchar(80) DEFAULT NULL,
  PRIMARY KEY (`sched_name`,`trigger_name`,`trigger_group`),
  CONSTRAINT `qrtz_cron_triggers_ibfk_1` FOREIGN KEY (`sched_name`, `trigger_name`, `trigger_group`) REFERENCES `qrtz_triggers` (`sched_name`, `trigger_name`, `trigger_group`)
) ENGINE=InnoDB DEFAULT CHARSET=utf8;

-- ----------------------------
-- Records of qrtz_cron_triggers
-- ----------------------------
INSERT INTO `qrtz_cron_triggers` VALUES ('turboslothScheduler', 'TASK_CLASS_NAME1', 'DEFAULT', '0/10 * * * * ?', 'Asia/Shanghai');
INSERT INTO `qrtz_cron_triggers` VALUES ('turboslothScheduler', 'TASK_CLASS_NAME2', 'DEFAULT', '0/15 * * * * ?', 'Asia/Shanghai');
INSERT INTO `qrtz_cron_triggers` VALUES ('turboslothScheduler', 'TASK_CLASS_NAME3', 'DEFAULT', '0/20 * * * * ?', 'Asia/Shanghai');

-- ----------------------------
-- Table structure for qrtz_fired_triggers
-- ----------------------------
DROP TABLE IF EXISTS `qrtz_fired_triggers`;
CREATE TABLE `qrtz_fired_triggers` (
  `sched_name` varchar(120) NOT NULL,
  `entry_id` varchar(95) NOT NULL,
  `trigger_name` varchar(200) NOT NULL,
  `trigger_group` varchar(200) NOT NULL,
  `instance_name` varchar(200) NOT NULL,
  `fired_time` bigint(13) NOT NULL,
  `sched_time` bigint(13) NOT NULL,
  `priority` int(11) NOT NULL,
  `state` varchar(16) NOT NULL,
  `job_name` varchar(200) DEFAULT NULL,
  `job_group` varchar(200) DEFAULT NULL,
  `is_nonconcurrent` varchar(1) DEFAULT NULL,
  `requests_recovery` varchar(1) DEFAULT NULL,
  PRIMARY KEY (`sched_name`,`entry_id`)
) ENGINE=InnoDB DEFAULT CHARSET=utf8;

-- ----------------------------
-- Records of qrtz_fired_triggers
-- ----------------------------

-- ----------------------------
-- Table structure for qrtz_job_details
-- ----------------------------
DROP TABLE IF EXISTS `qrtz_job_details`;
CREATE TABLE `qrtz_job_details` (
  `sched_name` varchar(120) NOT NULL,
  `job_name` varchar(200) NOT NULL,
  `job_group` varchar(200) NOT NULL,
  `description` varchar(250) DEFAULT NULL,
  `job_class_name` varchar(250) NOT NULL,
  `is_durable` varchar(1) NOT NULL,
  `is_nonconcurrent` varchar(1) NOT NULL,
  `is_update_data` varchar(1) NOT NULL,
  `requests_recovery` varchar(1) NOT NULL,
  `job_data` blob,
  PRIMARY KEY (`sched_name`,`job_name`,`job_group`)
) ENGINE=InnoDB DEFAULT CHARSET=utf8;

-- ----------------------------
-- Records of qrtz_job_details
-- ----------------------------
INSERT INTO `qrtz_job_details` VALUES ('turboslothScheduler', 'TASK_CLASS_NAME1', 'DEFAULT', null, 'com.mxpio.turboslothboot.quartz.util.QuartzDisallowConcurrentExecution', '0', '1', '0', '0', 0xACED0005737200156F72672E71756172747A2E4A6F62446174614D61709FB083E8BFA9B0CB020000787200266F72672E71756172747A2E7574696C732E537472696E674B65794469727479466C61674D61708208E8C3FBC55D280200015A0013616C6C6F77735472616E7369656E74446174617872001D6F72672E71756172747A2E7574696C732E4469727479466C61674D617013E62EAD28760ACE0200025A000564697274794C00036D617074000F4C6A6176612F7574696C2F4D61703B787001737200116A6176612E7574696C2E486173684D61700507DAC1C31660D103000246000A6C6F6164466163746F724900097468726573686F6C6478703F4000000000000C7708000000100000000174000F5441534B5F50524F5045525449455373720026636F6D2E6D7870696F2E647A7A626F6F742E71756172747A2E646F6D61696E2E5379734A6F6200000000000000010200084C000A636F6E63757272656E747400124C6A6176612F6C616E672F537472696E673B4C000E63726F6E45787072657373696F6E71007E00094C000C696E766F6B6554617267657471007E00094C00086A6F6247726F757071007E00094C00056A6F6249647400104C6A6176612F6C616E672F4C6F6E673B4C00076A6F624E616D6571007E00094C000D6D697366697265506F6C69637971007E00094C000673746174757371007E00097872002F636F6D2E6D7870696F2E647A7A626F6F742E636F6D6D6F6E2E636F72652E646F6D61696E2E42617365456E7469747900000000000000010200094C0009626567696E54696D6571007E00094C0008637265617465427971007E00094C000A63726561746554696D657400104C6A6176612F7574696C2F446174653B4C0007656E6454696D6571007E00094C0006706172616D7371007E00034C000672656D61726B71007E00094C000B73656172636856616C756571007E00094C0008757064617465427971007E00094C000A75706461746554696D6571007E000C78707074000561646D696E7372000E6A6176612E7574696C2E44617465686A81014B59741903000078707708000001622CDE29E07870707400007070707400013174000E302F3130202A202A202A202A203F74001172795461736B2E72794E6F506172616D7374000744454641554C547372000E6A6176612E6C616E672E4C6F6E673B8BE490CC8F23DF0200014A000576616C7565787200106A6176612E6C616E672E4E756D62657286AC951D0B94E08B02000078700000000000000001740018E7B3BBE7BB9FE9BB98E8AEA4EFBC88E697A0E58F82EFBC8974000133740001317800);
INSERT INTO `qrtz_job_details` VALUES ('turboslothScheduler', 'TASK_CLASS_NAME2', 'DEFAULT', null, 'com.mxpio.turboslothboot.quartz.util.QuartzDisallowConcurrentExecution', '0', '1', '0', '0', 0xACED0005737200156F72672E71756172747A2E4A6F62446174614D61709FB083E8BFA9B0CB020000787200266F72672E71756172747A2E7574696C732E537472696E674B65794469727479466C61674D61708208E8C3FBC55D280200015A0013616C6C6F77735472616E7369656E74446174617872001D6F72672E71756172747A2E7574696C732E4469727479466C61674D617013E62EAD28760ACE0200025A000564697274794C00036D617074000F4C6A6176612F7574696C2F4D61703B787001737200116A6176612E7574696C2E486173684D61700507DAC1C31660D103000246000A6C6F6164466163746F724900097468726573686F6C6478703F4000000000000C7708000000100000000174000F5441534B5F50524F5045525449455373720026636F6D2E6D7870696F2E647A7A626F6F742E71756172747A2E646F6D61696E2E5379734A6F6200000000000000010200084C000A636F6E63757272656E747400124C6A6176612F6C616E672F537472696E673B4C000E63726F6E45787072657373696F6E71007E00094C000C696E766F6B6554617267657471007E00094C00086A6F6247726F757071007E00094C00056A6F6249647400104C6A6176612F6C616E672F4C6F6E673B4C00076A6F624E616D6571007E00094C000D6D697366697265506F6C69637971007E00094C000673746174757371007E00097872002F636F6D2E6D7870696F2E647A7A626F6F742E636F6D6D6F6E2E636F72652E646F6D61696E2E42617365456E7469747900000000000000010200094C0009626567696E54696D6571007E00094C0008637265617465427971007E00094C000A63726561746554696D657400104C6A6176612F7574696C2F446174653B4C0007656E6454696D6571007E00094C0006706172616D7371007E00034C000672656D61726B71007E00094C000B73656172636856616C756571007E00094C0008757064617465427971007E00094C000A75706461746554696D6571007E000C78707074000561646D696E7372000E6A6176612E7574696C2E44617465686A81014B59741903000078707708000001622CDE29E07870707400007070707400013174000E302F3135202A202A202A202A203F74001672795461736B2E7279506172616D732827647A7A272974000744454641554C547372000E6A6176612E6C616E672E4C6F6E673B8BE490CC8F23DF0200014A000576616C7565787200106A6176612E6C616E672E4E756D62657286AC951D0B94E08B02000078700000000000000002740018E7B3BBE7BB9FE9BB98E8AEA4EFBC88E69C89E58F82EFBC8974000133740001317800);
INSERT INTO `qrtz_job_details` VALUES ('turboslothScheduler', 'TASK_CLASS_NAME3', 'DEFAULT', null, 'com.mxpio.turboslothboot.quartz.util.QuartzDisallowConcurrentExecution', '0', '1', '0', '0', 0xACED0005737200156F72672E71756172747A2E4A6F62446174614D61709FB083E8BFA9B0CB020000787200266F72672E71756172747A2E7574696C732E537472696E674B65794469727479466C61674D61708208E8C3FBC55D280200015A0013616C6C6F77735472616E7369656E74446174617872001D6F72672E71756172747A2E7574696C732E4469727479466C61674D617013E62EAD28760ACE0200025A000564697274794C00036D617074000F4C6A6176612F7574696C2F4D61703B787001737200116A6176612E7574696C2E486173684D61700507DAC1C31660D103000246000A6C6F6164466163746F724900097468726573686F6C6478703F4000000000000C7708000000100000000174000F5441534B5F50524F5045525449455373720026636F6D2E6D7870696F2E647A7A626F6F742E71756172747A2E646F6D61696E2E5379734A6F6200000000000000010200084C000A636F6E63757272656E747400124C6A6176612F6C616E672F537472696E673B4C000E63726F6E45787072657373696F6E71007E00094C000C696E766F6B6554617267657471007E00094C00086A6F6247726F757071007E00094C00056A6F6249647400104C6A6176612F6C616E672F4C6F6E673B4C00076A6F624E616D6571007E00094C000D6D697366697265506F6C69637971007E00094C000673746174757371007E00097872002F636F6D2E6D7870696F2E647A7A626F6F742E636F6D6D6F6E2E636F72652E646F6D61696E2E42617365456E7469747900000000000000010200094C0009626567696E54696D6571007E00094C0008637265617465427971007E00094C000A63726561746554696D657400104C6A6176612F7574696C2F446174653B4C0007656E6454696D6571007E00094C0006706172616D7371007E00034C000672656D61726B71007E00094C000B73656172636856616C756571007E00094C0008757064617465427971007E00094C000A75706461746554696D6571007E000C78707074000561646D696E7372000E6A6176612E7574696C2E44617465686A81014B59741903000078707708000001622CDE29E07870707400007070707400013174000E302F3230202A202A202A202A203F74003972795461736B2E72794D756C7469706C65506172616D732827647A7A272C20747275652C20323030304C2C203331362E3530442C203130302974000744454641554C547372000E6A6176612E6C616E672E4C6F6E673B8BE490CC8F23DF0200014A000576616C7565787200106A6176612E6C616E672E4E756D62657286AC951D0B94E08B02000078700000000000000003740018E7B3BBE7BB9FE9BB98E8AEA4EFBC88E5A49AE58F82EFBC8974000133740001317800);

-- ----------------------------
-- Table structure for qrtz_locks
-- ----------------------------
DROP TABLE IF EXISTS `qrtz_locks`;
CREATE TABLE `qrtz_locks` (
  `sched_name` varchar(120) NOT NULL,
  `lock_name` varchar(40) NOT NULL,
  PRIMARY KEY (`sched_name`,`lock_name`)
) ENGINE=InnoDB DEFAULT CHARSET=utf8;

-- ----------------------------
-- Records of qrtz_locks
-- ----------------------------
INSERT INTO `qrtz_locks` VALUES ('turboslothScheduler', 'STATE_ACCESS');
INSERT INTO `qrtz_locks` VALUES ('turboslothScheduler', 'TRIGGER_ACCESS');

-- ----------------------------
-- Table structure for qrtz_paused_trigger_grps
-- ----------------------------
DROP TABLE IF EXISTS `qrtz_paused_trigger_grps`;
CREATE TABLE `qrtz_paused_trigger_grps` (
  `sched_name` varchar(120) NOT NULL,
  `trigger_group` varchar(200) NOT NULL,
  PRIMARY KEY (`sched_name`,`trigger_group`)
) ENGINE=InnoDB DEFAULT CHARSET=utf8;

-- ----------------------------
-- Records of qrtz_paused_trigger_grps
-- ----------------------------

-- ----------------------------
-- Table structure for qrtz_scheduler_state
-- ----------------------------
DROP TABLE IF EXISTS `qrtz_scheduler_state`;
CREATE TABLE `qrtz_scheduler_state` (
  `sched_name` varchar(120) NOT NULL,
  `instance_name` varchar(200) NOT NULL,
  `last_checkin_time` bigint(13) NOT NULL,
  `checkin_interval` bigint(13) NOT NULL,
  PRIMARY KEY (`sched_name`,`instance_name`)
) ENGINE=InnoDB DEFAULT CHARSET=utf8;

-- ----------------------------
-- Records of qrtz_scheduler_state
-- ----------------------------
INSERT INTO `qrtz_scheduler_state` VALUES ('turboslothScheduler', 'DESKTOP-LMNAHCL1599813538239', '1599824058203', '15000');

-- ----------------------------
-- Table structure for qrtz_simple_triggers
-- ----------------------------
DROP TABLE IF EXISTS `qrtz_simple_triggers`;
CREATE TABLE `qrtz_simple_triggers` (
  `sched_name` varchar(120) NOT NULL,
  `trigger_name` varchar(200) NOT NULL,
  `trigger_group` varchar(200) NOT NULL,
  `repeat_count` bigint(7) NOT NULL,
  `repeat_interval` bigint(12) NOT NULL,
  `times_triggered` bigint(10) NOT NULL,
  PRIMARY KEY (`sched_name`,`trigger_name`,`trigger_group`),
  CONSTRAINT `qrtz_simple_triggers_ibfk_1` FOREIGN KEY (`sched_name`, `trigger_name`, `trigger_group`) REFERENCES `qrtz_triggers` (`sched_name`, `trigger_name`, `trigger_group`)
) ENGINE=InnoDB DEFAULT CHARSET=utf8;

-- ----------------------------
-- Records of qrtz_simple_triggers
-- ----------------------------

-- ----------------------------
-- Table structure for qrtz_simprop_triggers
-- ----------------------------
DROP TABLE IF EXISTS `qrtz_simprop_triggers`;
CREATE TABLE `qrtz_simprop_triggers` (
  `sched_name` varchar(120) NOT NULL,
  `trigger_name` varchar(200) NOT NULL,
  `trigger_group` varchar(200) NOT NULL,
  `str_prop_1` varchar(512) DEFAULT NULL,
  `str_prop_2` varchar(512) DEFAULT NULL,
  `str_prop_3` varchar(512) DEFAULT NULL,
  `int_prop_1` int(11) DEFAULT NULL,
  `int_prop_2` int(11) DEFAULT NULL,
  `long_prop_1` bigint(20) DEFAULT NULL,
  `long_prop_2` bigint(20) DEFAULT NULL,
  `dec_prop_1` decimal(13,4) DEFAULT NULL,
  `dec_prop_2` decimal(13,4) DEFAULT NULL,
  `bool_prop_1` varchar(1) DEFAULT NULL,
  `bool_prop_2` varchar(1) DEFAULT NULL,
  PRIMARY KEY (`sched_name`,`trigger_name`,`trigger_group`),
  CONSTRAINT `qrtz_simprop_triggers_ibfk_1` FOREIGN KEY (`sched_name`, `trigger_name`, `trigger_group`) REFERENCES `qrtz_triggers` (`sched_name`, `trigger_name`, `trigger_group`)
) ENGINE=InnoDB DEFAULT CHARSET=utf8;

-- ----------------------------
-- Records of qrtz_simprop_triggers
-- ----------------------------

-- ----------------------------
-- Table structure for qrtz_triggers
-- ----------------------------
DROP TABLE IF EXISTS `qrtz_triggers`;
CREATE TABLE `qrtz_triggers` (
  `sched_name` varchar(120) NOT NULL,
  `trigger_name` varchar(200) NOT NULL,
  `trigger_group` varchar(200) NOT NULL,
  `job_name` varchar(200) NOT NULL,
  `job_group` varchar(200) NOT NULL,
  `description` varchar(250) DEFAULT NULL,
  `next_fire_time` bigint(13) DEFAULT NULL,
  `prev_fire_time` bigint(13) DEFAULT NULL,
  `priority` int(11) DEFAULT NULL,
  `trigger_state` varchar(16) NOT NULL,
  `trigger_type` varchar(8) NOT NULL,
  `start_time` bigint(13) NOT NULL,
  `end_time` bigint(13) DEFAULT NULL,
  `calendar_name` varchar(200) DEFAULT NULL,
  `misfire_instr` smallint(2) DEFAULT NULL,
  `job_data` blob,
  PRIMARY KEY (`sched_name`,`trigger_name`,`trigger_group`),
  KEY `sched_name` (`sched_name`,`job_name`,`job_group`),
  CONSTRAINT `qrtz_triggers_ibfk_1` FOREIGN KEY (`sched_name`, `job_name`, `job_group`) REFERENCES `qrtz_job_details` (`sched_name`, `job_name`, `job_group`)
) ENGINE=InnoDB DEFAULT CHARSET=utf8;

-- ----------------------------
-- Records of qrtz_triggers
-- ----------------------------
INSERT INTO `qrtz_triggers` VALUES ('turboslothScheduler', 'TASK_CLASS_NAME1', 'DEFAULT', 'TASK_CLASS_NAME1', 'DEFAULT', null, '1599813540000', '-1', '5', 'PAUSED', 'CRON', '1599813538000', '0', null, '2', '');
INSERT INTO `qrtz_triggers` VALUES ('turboslothScheduler', 'TASK_CLASS_NAME2', 'DEFAULT', 'TASK_CLASS_NAME2', 'DEFAULT', null, '1599813540000', '-1', '5', 'PAUSED', 'CRON', '1599813538000', '0', null, '2', '');
INSERT INTO `qrtz_triggers` VALUES ('turboslothScheduler', 'TASK_CLASS_NAME3', 'DEFAULT', 'TASK_CLASS_NAME3', 'DEFAULT', null, '1599813540000', '-1', '5', 'PAUSED', 'CRON', '1599813538000', '0', null, '2', '');

-- ----------------------------
-- Table structure for sys_config
-- ----------------------------
DROP TABLE IF EXISTS `sys_config`;
CREATE TABLE `sys_config` (
  `config_id` int(5) NOT NULL AUTO_INCREMENT COMMENT '参数主键',
  `config_name` varchar(100) DEFAULT '' COMMENT '参数名称',
  `config_key` varchar(100) DEFAULT '' COMMENT '参数键名',
  `config_value` varchar(500) DEFAULT '' COMMENT '参数键值',
  `config_type` char(1) DEFAULT 'N' COMMENT '系统内置（Y是 N否）',
  `create_by` varchar(64) DEFAULT '' COMMENT '创建者',
  `create_time` datetime DEFAULT NULL COMMENT '创建时间',
  `update_by` varchar(64) DEFAULT '' COMMENT '更新者',
  `update_time` datetime DEFAULT NULL COMMENT '更新时间',
  `remark` varchar(500) DEFAULT NULL COMMENT '备注',
  PRIMARY KEY (`config_id`)
) ENGINE=InnoDB AUTO_INCREMENT=4 DEFAULT CHARSET=utf8 COMMENT='参数配置表';

-- ----------------------------
-- Records of sys_config
-- ----------------------------
INSERT INTO `sys_config` VALUES ('1', '主框架页-默认皮肤样式名称', 'sys.index.skinName', 'skin-blue', 'Y', 'admin', '2018-03-16 11:33:00', 'admin', '2020-09-09 10:14:55', '蓝色 skin-blue、绿色 skin-green、紫色 skin-purple、红色 skin-red、黄色 skin-yellow');
INSERT INTO `sys_config` VALUES ('2', '用户管理-账号初始密码', 'sys.user.initPassword', '123456', 'Y', 'admin', '2018-03-16 11:33:00', 'turbosloth', '2018-03-16 11:33:00', '初始化密码 123456');
INSERT INTO `sys_config` VALUES ('3', '主框架页-侧边栏主题', 'sys.index.sideTheme', 'theme-dark', 'Y', 'admin', '2018-03-16 11:33:00', 'turbosloth', '2018-03-16 11:33:00', '深色主题theme-dark，浅色主题theme-light');

-- ----------------------------
-- Table structure for sys_dept
-- ----------------------------
DROP TABLE IF EXISTS `sys_dept`;
CREATE TABLE `sys_dept` (
  `dept_id` bigint(20) NOT NULL AUTO_INCREMENT COMMENT '部门id',
  `parent_id` bigint(20) DEFAULT '0' COMMENT '父部门id',
  `ancestors` varchar(50) DEFAULT '' COMMENT '祖级列表',
  `dept_name` varchar(30) DEFAULT '' COMMENT '部门名称',
  `order_num` int(4) DEFAULT '0' COMMENT '显示顺序',
  `leader` varchar(20) DEFAULT NULL COMMENT '负责人',
  `phone` varchar(11) DEFAULT NULL COMMENT '联系电话',
  `email` varchar(50) DEFAULT NULL COMMENT '邮箱',
  `status` char(1) DEFAULT '0' COMMENT '部门状态（0正常 1停用）',
  `del_flag` char(1) DEFAULT '0' COMMENT '删除标志（0代表存在 2代表删除）',
  `create_by` varchar(64) DEFAULT '' COMMENT '创建者',
  `create_time` datetime DEFAULT NULL COMMENT '创建时间',
  `update_by` varchar(64) DEFAULT '' COMMENT '更新者',
  `update_time` datetime DEFAULT NULL COMMENT '更新时间',
  PRIMARY KEY (`dept_id`)
) ENGINE=InnoDB AUTO_INCREMENT=110 DEFAULT CHARSET=utf8 COMMENT='部门表';

-- ----------------------------
-- Records of sys_dept
-- ----------------------------
INSERT INTO `sys_dept` VALUES ('100', '0', '0', '卓臻科技', '0', '卓臻', '15888888888', 'ry@qq.com', '0', '0', 'admin', '2018-03-16 11:33:00', 'admin', '2020-09-09 09:42:32');
INSERT INTO `sys_dept` VALUES ('101', '100', '0,100', '深圳总公司', '1', '卓臻', '15888888888', 'ry@qq.com', '0', '0', 'admin', '2018-03-16 11:33:00', 'admin', '2020-09-09 09:42:32');
INSERT INTO `sys_dept` VALUES ('102', '100', '0,100', '长沙分公司', '2', '卓臻', '15888888888', 'ry@qq.com', '0', '0', 'admin', '2018-03-16 11:33:00', 'turbosloth', '2018-03-16 11:33:00');
INSERT INTO `sys_dept` VALUES ('103', '101', '0,100,101', '研发部门', '1', '卓臻', '15888888888', 'ry@qq.com', '0', '0', 'admin', '2018-03-16 11:33:00', 'turbosloth', '2018-03-16 11:33:00');
INSERT INTO `sys_dept` VALUES ('104', '101', '0,100,101', '市场部门', '2', '卓臻', '15888888888', 'ry@qq.com', '0', '0', 'admin', '2018-03-16 11:33:00', 'turbosloth', '2018-03-16 11:33:00');
INSERT INTO `sys_dept` VALUES ('105', '101', '0,100,101', '测试部门', '3', '卓臻', '15888888888', 'ry@qq.com', '0', '0', 'admin', '2018-03-16 11:33:00', 'turbosloth', '2018-03-16 11:33:00');
INSERT INTO `sys_dept` VALUES ('106', '101', '0,100,101', '财务部门', '4', '卓臻', '15888888888', 'i@mxpio.com', '0', '0', 'admin', '2018-03-16 11:33:00', 'admin', '2020-09-09 09:42:32');
INSERT INTO `sys_dept` VALUES ('107', '101', '0,100,101', '运维部门', '5', '卓臻', '15888888888', 'ry@qq.com', '0', '0', 'admin', '2018-03-16 11:33:00', 'turbosloth', '2018-03-16 11:33:00');
INSERT INTO `sys_dept` VALUES ('108', '102', '0,100,102', '市场部门', '1', '卓臻', '15888888888', 'ry@qq.com', '0', '0', 'admin', '2018-03-16 11:33:00', 'turbosloth', '2018-03-16 11:33:00');
INSERT INTO `sys_dept` VALUES ('109', '102', '0,100,102', '财务部门', '2', '卓臻', '15888888888', 'ry@qq.com', '0', '0', 'admin', '2018-03-16 11:33:00', 'turbosloth', '2018-03-16 11:33:00');

-- ----------------------------
-- Table structure for sys_dict_data
-- ----------------------------
DROP TABLE IF EXISTS `sys_dict_data`;
CREATE TABLE `sys_dict_data` (
  `dict_code` bigint(20) NOT NULL AUTO_INCREMENT COMMENT '字典编码',
  `dict_sort` int(4) DEFAULT '0' COMMENT '字典排序',
  `dict_label` varchar(100) DEFAULT '' COMMENT '字典标签',
  `dict_value` varchar(100) DEFAULT '' COMMENT '字典键值',
  `dict_type` varchar(100) DEFAULT '' COMMENT '字典类型',
  `css_class` varchar(100) DEFAULT NULL COMMENT '样式属性（其他样式扩展）',
  `list_class` varchar(100) DEFAULT NULL COMMENT '表格回显样式',
  `is_default` char(1) DEFAULT 'N' COMMENT '是否默认（Y是 N否）',
  `status` char(1) DEFAULT '0' COMMENT '状态（0正常 1停用）',
  `create_by` varchar(64) DEFAULT '' COMMENT '创建者',
  `create_time` datetime DEFAULT NULL COMMENT '创建时间',
  `update_by` varchar(64) DEFAULT '' COMMENT '更新者',
  `update_time` datetime DEFAULT NULL COMMENT '更新时间',
  `remark` varchar(500) DEFAULT NULL COMMENT '备注',
  PRIMARY KEY (`dict_code`)
) ENGINE=InnoDB AUTO_INCREMENT=29 DEFAULT CHARSET=utf8 COMMENT='字典数据表';

-- ----------------------------
-- Records of sys_dict_data
-- ----------------------------
INSERT INTO `sys_dict_data` VALUES ('1', '1', '男', '0', 'sys_user_sex', '', '', 'Y', '0', 'admin', '2018-03-16 11:33:00', 'turbosloth', '2018-03-16 11:33:00', '性别男');
INSERT INTO `sys_dict_data` VALUES ('2', '2', '女', '1', 'sys_user_sex', '', '', 'N', '0', 'admin', '2018-03-16 11:33:00', 'turbosloth', '2018-03-16 11:33:00', '性别女');
INSERT INTO `sys_dict_data` VALUES ('3', '3', '未知', '2', 'sys_user_sex', '', '', 'N', '0', 'admin', '2018-03-16 11:33:00', 'turbosloth', '2018-03-16 11:33:00', '性别未知');
INSERT INTO `sys_dict_data` VALUES ('4', '1', '显示', '0', 'sys_show_hide', '', 'primary', 'Y', '0', 'admin', '2018-03-16 11:33:00', 'turbosloth', '2018-03-16 11:33:00', '显示菜单');
INSERT INTO `sys_dict_data` VALUES ('5', '2', '隐藏', '1', 'sys_show_hide', '', 'danger', 'N', '0', 'admin', '2018-03-16 11:33:00', 'turbosloth', '2018-03-16 11:33:00', '隐藏菜单');
INSERT INTO `sys_dict_data` VALUES ('6', '1', '正常', '0', 'sys_normal_disable', '', 'primary', 'Y', '0', 'admin', '2018-03-16 11:33:00', 'turbosloth', '2018-03-16 11:33:00', '正常状态');
INSERT INTO `sys_dict_data` VALUES ('7', '2', '停用', '1', 'sys_normal_disable', '', 'danger', 'N', '0', 'admin', '2018-03-16 11:33:00', 'turbosloth', '2018-03-16 11:33:00', '停用状态');
INSERT INTO `sys_dict_data` VALUES ('8', '1', '正常', '0', 'sys_job_status', '', 'primary', 'Y', '0', 'admin', '2018-03-16 11:33:00', 'turbosloth', '2018-03-16 11:33:00', '正常状态');
INSERT INTO `sys_dict_data` VALUES ('9', '2', '暂停', '1', 'sys_job_status', '', 'danger', 'N', '0', 'admin', '2018-03-16 11:33:00', 'turbosloth', '2018-03-16 11:33:00', '停用状态');
INSERT INTO `sys_dict_data` VALUES ('10', '1', '默认', 'DEFAULT', 'sys_job_group', '', '', 'Y', '0', 'admin', '2018-03-16 11:33:00', 'turbosloth', '2018-03-16 11:33:00', '默认分组');
INSERT INTO `sys_dict_data` VALUES ('11', '2', '系统', 'SYSTEM', 'sys_job_group', '', '', 'N', '0', 'admin', '2018-03-16 11:33:00', 'turbosloth', '2018-03-16 11:33:00', '系统分组');
INSERT INTO `sys_dict_data` VALUES ('12', '1', '是', 'Y', 'sys_yes_no', '', 'primary', 'Y', '0', 'admin', '2018-03-16 11:33:00', 'turbosloth', '2018-03-16 11:33:00', '系统默认是');
INSERT INTO `sys_dict_data` VALUES ('13', '2', '否', 'N', 'sys_yes_no', '', 'danger', 'N', '0', 'admin', '2018-03-16 11:33:00', 'turbosloth', '2018-03-16 11:33:00', '系统默认否');
INSERT INTO `sys_dict_data` VALUES ('14', '1', '通知', '1', 'sys_notice_type', '', 'warning', 'Y', '0', 'admin', '2018-03-16 11:33:00', 'turbosloth', '2018-03-16 11:33:00', '通知');
INSERT INTO `sys_dict_data` VALUES ('15', '2', '公告', '2', 'sys_notice_type', '', 'success', 'N', '0', 'admin', '2018-03-16 11:33:00', 'turbosloth', '2018-03-16 11:33:00', '公告');
INSERT INTO `sys_dict_data` VALUES ('16', '1', '正常', '0', 'sys_notice_status', '', 'primary', 'Y', '0', 'admin', '2018-03-16 11:33:00', 'turbosloth', '2018-03-16 11:33:00', '正常状态');
INSERT INTO `sys_dict_data` VALUES ('17', '2', '关闭', '1', 'sys_notice_status', '', 'danger', 'N', '0', 'admin', '2018-03-16 11:33:00', 'turbosloth', '2018-03-16 11:33:00', '关闭状态');
INSERT INTO `sys_dict_data` VALUES ('18', '1', '新增', '1', 'sys_oper_type', '', 'info', 'N', '0', 'admin', '2018-03-16 11:33:00', 'turbosloth', '2018-03-16 11:33:00', '新增操作');
INSERT INTO `sys_dict_data` VALUES ('19', '2', '修改', '2', 'sys_oper_type', '', 'info', 'N', '0', 'admin', '2018-03-16 11:33:00', 'turbosloth', '2018-03-16 11:33:00', '修改操作');
INSERT INTO `sys_dict_data` VALUES ('20', '3', '删除', '3', 'sys_oper_type', '', 'danger', 'N', '0', 'admin', '2018-03-16 11:33:00', 'turbosloth', '2018-03-16 11:33:00', '删除操作');
INSERT INTO `sys_dict_data` VALUES ('21', '4', '授权', '4', 'sys_oper_type', '', 'primary', 'N', '0', 'admin', '2018-03-16 11:33:00', 'turbosloth', '2018-03-16 11:33:00', '授权操作');
INSERT INTO `sys_dict_data` VALUES ('22', '5', '导出', '5', 'sys_oper_type', '', 'warning', 'N', '0', 'admin', '2018-03-16 11:33:00', 'turbosloth', '2018-03-16 11:33:00', '导出操作');
INSERT INTO `sys_dict_data` VALUES ('23', '6', '导入', '6', 'sys_oper_type', '', 'warning', 'N', '0', 'admin', '2018-03-16 11:33:00', 'turbosloth', '2018-03-16 11:33:00', '导入操作');
INSERT INTO `sys_dict_data` VALUES ('24', '7', '强退', '7', 'sys_oper_type', '', 'danger', 'N', '0', 'admin', '2018-03-16 11:33:00', 'turbosloth', '2018-03-16 11:33:00', '强退操作');
INSERT INTO `sys_dict_data` VALUES ('25', '8', '生成代码', '8', 'sys_oper_type', '', 'warning', 'N', '0', 'admin', '2018-03-16 11:33:00', 'turbosloth', '2018-03-16 11:33:00', '生成操作');
INSERT INTO `sys_dict_data` VALUES ('26', '9', '清空数据', '9', 'sys_oper_type', '', 'danger', 'N', '0', 'admin', '2018-03-16 11:33:00', 'turbosloth', '2018-03-16 11:33:00', '清空操作');
INSERT INTO `sys_dict_data` VALUES ('27', '1', '成功', '0', 'sys_common_status', '', 'primary', 'N', '0', 'admin', '2018-03-16 11:33:00', 'turbosloth', '2018-03-16 11:33:00', '正常状态');
INSERT INTO `sys_dict_data` VALUES ('28', '2', '失败', '1', 'sys_common_status', '', 'danger', 'N', '0', 'admin', '2018-03-16 11:33:00', 'turbosloth', '2018-03-16 11:33:00', '停用状态');

-- ----------------------------
-- Table structure for sys_dict_type
-- ----------------------------
DROP TABLE IF EXISTS `sys_dict_type`;
CREATE TABLE `sys_dict_type` (
  `dict_id` bigint(20) NOT NULL AUTO_INCREMENT COMMENT '字典主键',
  `dict_name` varchar(100) DEFAULT '' COMMENT '字典名称',
  `dict_type` varchar(100) DEFAULT '' COMMENT '字典类型',
  `status` char(1) DEFAULT '0' COMMENT '状态（0正常 1停用）',
  `create_by` varchar(64) DEFAULT '' COMMENT '创建者',
  `create_time` datetime DEFAULT NULL COMMENT '创建时间',
  `update_by` varchar(64) DEFAULT '' COMMENT '更新者',
  `update_time` datetime DEFAULT NULL COMMENT '更新时间',
  `remark` varchar(500) DEFAULT NULL COMMENT '备注',
  PRIMARY KEY (`dict_id`),
  UNIQUE KEY `dict_type` (`dict_type`)
) ENGINE=InnoDB AUTO_INCREMENT=11 DEFAULT CHARSET=utf8 COMMENT='字典类型表';

-- ----------------------------
-- Records of sys_dict_type
-- ----------------------------
INSERT INTO `sys_dict_type` VALUES ('1', '用户性别', 'sys_user_sex', '0', 'admin', '2018-03-16 11:33:00', 'turbosloth', '2018-03-16 11:33:00', '用户性别列表');
INSERT INTO `sys_dict_type` VALUES ('2', '菜单状态', 'sys_show_hide', '0', 'admin', '2018-03-16 11:33:00', 'turbosloth', '2018-03-16 11:33:00', '菜单状态列表');
INSERT INTO `sys_dict_type` VALUES ('3', '系统开关', 'sys_normal_disable', '0', 'admin', '2018-03-16 11:33:00', 'turbosloth', '2018-03-16 11:33:00', '系统开关列表');
INSERT INTO `sys_dict_type` VALUES ('4', '任务状态', 'sys_job_status', '0', 'admin', '2018-03-16 11:33:00', 'turbosloth', '2018-03-16 11:33:00', '任务状态列表');
INSERT INTO `sys_dict_type` VALUES ('5', '任务分组', 'sys_job_group', '0', 'admin', '2018-03-16 11:33:00', 'turbosloth', '2018-03-16 11:33:00', '任务分组列表');
INSERT INTO `sys_dict_type` VALUES ('6', '系统是否', 'sys_yes_no', '0', 'admin', '2018-03-16 11:33:00', 'turbosloth', '2018-03-16 11:33:00', '系统是否列表');
INSERT INTO `sys_dict_type` VALUES ('7', '通知类型', 'sys_notice_type', '0', 'admin', '2018-03-16 11:33:00', 'turbosloth', '2018-03-16 11:33:00', '通知类型列表');
INSERT INTO `sys_dict_type` VALUES ('8', '通知状态', 'sys_notice_status', '0', 'admin', '2018-03-16 11:33:00', 'turbosloth', '2018-03-16 11:33:00', '通知状态列表');
INSERT INTO `sys_dict_type` VALUES ('9', '操作类型', 'sys_oper_type', '0', 'admin', '2018-03-16 11:33:00', 'turbosloth', '2018-03-16 11:33:00', '操作类型列表');
INSERT INTO `sys_dict_type` VALUES ('10', '系统状态', 'sys_common_status', '0', 'admin', '2018-03-16 11:33:00', 'turbosloth', '2018-03-16 11:33:00', '登录状态列表');

-- ----------------------------
-- Table structure for sys_job
-- ----------------------------
DROP TABLE IF EXISTS `sys_job`;
CREATE TABLE `sys_job` (
  `job_id` bigint(20) NOT NULL AUTO_INCREMENT COMMENT '任务ID',
  `job_name` varchar(64) NOT NULL DEFAULT '' COMMENT '任务名称',
  `job_group` varchar(64) NOT NULL DEFAULT 'DEFAULT' COMMENT '任务组名',
  `invoke_target` varchar(500) NOT NULL COMMENT '调用目标字符串',
  `cron_expression` varchar(255) DEFAULT '' COMMENT 'cron执行表达式',
  `misfire_policy` varchar(20) DEFAULT '3' COMMENT '计划执行错误策略（1立即执行 2执行一次 3放弃执行）',
  `concurrent` char(1) DEFAULT '1' COMMENT '是否并发执行（0允许 1禁止）',
  `status` char(1) DEFAULT '0' COMMENT '状态（0正常 1暂停）',
  `create_by` varchar(64) DEFAULT '' COMMENT '创建者',
  `create_time` datetime DEFAULT NULL COMMENT '创建时间',
  `update_by` varchar(64) DEFAULT '' COMMENT '更新者',
  `update_time` datetime DEFAULT NULL COMMENT '更新时间',
  `remark` varchar(500) DEFAULT '' COMMENT '备注信息',
  PRIMARY KEY (`job_id`,`job_name`,`job_group`)
) ENGINE=InnoDB AUTO_INCREMENT=4 DEFAULT CHARSET=utf8 COMMENT='定时任务调度表';

-- ----------------------------
-- Records of sys_job
-- ----------------------------
INSERT INTO `sys_job` VALUES ('1', '系统默认（无参）', 'DEFAULT', 'ryTask.ryNoParams', '0/10 * * * * ?', '3', '1', '1', 'admin', '2018-03-16 11:33:00', 'turbosloth', '2018-03-16 11:33:00', '');
INSERT INTO `sys_job` VALUES ('2', '系统默认（有参）', 'DEFAULT', 'ryTask.ryParams(\'turbosloth\')', '0/15 * * * * ?', '3', '1', '1', 'admin', '2018-03-16 11:33:00', 'turbosloth', '2018-03-16 11:33:00', '');
INSERT INTO `sys_job` VALUES ('3', '系统默认（多参）', 'DEFAULT', 'ryTask.ryMultipleParams(\'turbosloth\', true, 2000L, 316.50D, 100)', '0/20 * * * * ?', '3', '1', '1', 'admin', '2018-03-16 11:33:00', 'turbosloth', '2018-03-16 11:33:00', '');

-- ----------------------------
-- Table structure for sys_job_log
-- ----------------------------
DROP TABLE IF EXISTS `sys_job_log`;
CREATE TABLE `sys_job_log` (
  `job_log_id` bigint(20) NOT NULL AUTO_INCREMENT COMMENT '任务日志ID',
  `job_name` varchar(64) NOT NULL COMMENT '任务名称',
  `job_group` varchar(64) NOT NULL COMMENT '任务组名',
  `invoke_target` varchar(500) NOT NULL COMMENT '调用目标字符串',
  `job_message` varchar(500) DEFAULT NULL COMMENT '日志信息',
  `status` char(1) DEFAULT '0' COMMENT '执行状态（0正常 1失败）',
  `exception_info` varchar(2000) DEFAULT '' COMMENT '异常信息',
  `create_time` datetime DEFAULT NULL COMMENT '创建时间',
  PRIMARY KEY (`job_log_id`)
) ENGINE=InnoDB DEFAULT CHARSET=utf8 COMMENT='定时任务调度日志表';

-- ----------------------------
-- Records of sys_job_log
-- ----------------------------

-- ----------------------------
-- Table structure for sys_logininfor
-- ----------------------------
DROP TABLE IF EXISTS `sys_logininfor`;
CREATE TABLE `sys_logininfor` (
  `info_id` bigint(20) NOT NULL AUTO_INCREMENT COMMENT '访问ID',
  `user_name` varchar(50) DEFAULT '' COMMENT '用户账号',
  `ipaddr` varchar(50) DEFAULT '' COMMENT '登录IP地址',
  `login_location` varchar(255) DEFAULT '' COMMENT '登录地点',
  `browser` varchar(50) DEFAULT '' COMMENT '浏览器类型',
  `os` varchar(50) DEFAULT '' COMMENT '操作系统',
  `status` char(1) DEFAULT '0' COMMENT '登录状态（0成功 1失败）',
  `msg` varchar(255) DEFAULT '' COMMENT '提示消息',
  `login_time` datetime DEFAULT NULL COMMENT '访问时间',
  PRIMARY KEY (`info_id`)
) ENGINE=InnoDB AUTO_INCREMENT=135 DEFAULT CHARSET=utf8 COMMENT='系统访问记录';

-- ----------------------------
-- Records of sys_logininfor
-- ----------------------------
INSERT INTO `sys_logininfor` VALUES ('100', 'admin', '127.0.0.1', '内网IP', 'Chrome', 'Windows 10', '0', '登录成功', '2020-09-07 11:30:20');
INSERT INTO `sys_logininfor` VALUES ('101', 'admin', '127.0.0.1', '内网IP', 'Chrome', 'Windows 10', '0', '登录成功', '2020-09-07 12:49:29');
INSERT INTO `sys_logininfor` VALUES ('102', 'admin', '127.0.0.1', '内网IP', 'Chrome', 'Windows 10', '0', '登录成功', '2020-09-07 18:42:13');
INSERT INTO `sys_logininfor` VALUES ('103', 'admin', '127.0.0.1', '内网IP', 'Chrome', 'Windows 10', '0', '登录成功', '2020-09-08 10:15:30');
INSERT INTO `sys_logininfor` VALUES ('104', 'admin', '127.0.0.1', '内网IP', 'Chrome', 'Windows 10', '0', '登录成功', '2020-09-08 12:54:38');
INSERT INTO `sys_logininfor` VALUES ('105', 'admin', '127.0.0.1', '内网IP', 'Chrome', 'Windows 10', '1', '验证码错误', '2020-09-08 14:26:25');
INSERT INTO `sys_logininfor` VALUES ('106', 'admin', '127.0.0.1', '内网IP', 'Chrome', 'Windows 10', '1', '验证码错误', '2020-09-08 14:26:35');
INSERT INTO `sys_logininfor` VALUES ('107', 'admin', '127.0.0.1', '内网IP', 'Chrome', 'Windows 10', '0', '登录成功', '2020-09-08 14:26:46');
INSERT INTO `sys_logininfor` VALUES ('108', 'test', '127.0.0.1', '内网IP', 'Chrome', 'Windows 10', '0', '登录成功', '2020-09-08 14:58:00');
INSERT INTO `sys_logininfor` VALUES ('109', 'admin', '127.0.0.1', '内网IP', 'Chrome', 'Windows 10', '1', '用户不存在/密码错误', '2020-09-08 15:02:56');
INSERT INTO `sys_logininfor` VALUES ('110', 'admin', '127.0.0.1', '内网IP', 'Chrome', 'Windows 10', '0', '登录成功', '2020-09-08 15:03:04');
INSERT INTO `sys_logininfor` VALUES ('111', 'turbosloth', '127.0.0.1', '内网IP', 'Chrome', 'Windows 10', '0', '登录成功', '2020-09-08 15:03:24');
INSERT INTO `sys_logininfor` VALUES ('112', 'test', '127.0.0.1', '内网IP', 'Chrome', 'Windows 10', '0', '登录成功', '2020-09-08 15:03:40');
INSERT INTO `sys_logininfor` VALUES ('113', 'admin', '127.0.0.1', '内网IP', 'Chrome', 'Windows 10', '0', '登录成功', '2020-09-08 15:21:10');
INSERT INTO `sys_logininfor` VALUES ('114', 'admin', '127.0.0.1', '内网IP', 'Chrome', 'Windows 10', '1', '验证码错误', '2020-09-08 16:54:44');
INSERT INTO `sys_logininfor` VALUES ('115', 'admin', '127.0.0.1', '内网IP', 'Chrome', 'Windows 10', '0', '登录成功', '2020-09-08 16:54:53');
INSERT INTO `sys_logininfor` VALUES ('116', 'test', '127.0.0.1', '内网IP', 'Chrome', 'Windows 10', '1', '用户不存在/密码错误', '2020-09-08 18:18:24');
INSERT INTO `sys_logininfor` VALUES ('117', 'test', '127.0.0.1', '内网IP', 'Chrome', 'Windows 10', '1', '用户不存在/密码错误', '2020-09-08 18:18:31');
INSERT INTO `sys_logininfor` VALUES ('118', 'admin', '127.0.0.1', '内网IP', 'Chrome', 'Windows 10', '0', '登录成功', '2020-09-08 18:18:50');
INSERT INTO `sys_logininfor` VALUES ('119', 'test', '127.0.0.1', '内网IP', 'Chrome', 'Windows 10', '0', '登录成功', '2020-09-08 18:19:14');
INSERT INTO `sys_logininfor` VALUES ('120', 'admin', '127.0.0.1', '内网IP', 'Chrome', 'Windows 10', '0', '登录成功', '2020-09-09 09:15:49');
INSERT INTO `sys_logininfor` VALUES ('121', 'admin', '127.0.0.1', '内网IP', 'Chrome', 'Windows 10', '0', '登录成功', '2020-09-09 10:54:16');
INSERT INTO `sys_logininfor` VALUES ('122', 'admin', '127.0.0.1', '内网IP', 'Chrome', 'Windows 10', '0', '登录成功', '2020-09-10 14:32:02');
INSERT INTO `sys_logininfor` VALUES ('123', 'admin', '127.0.0.1', '内网IP', 'Chrome', 'Windows 10', '1', '验证码已失效', '2020-09-10 15:03:49');
INSERT INTO `sys_logininfor` VALUES ('124', 'admin', '127.0.0.1', '内网IP', 'Chrome', 'Windows 10', '1', '验证码错误', '2020-09-10 15:03:56');
INSERT INTO `sys_logininfor` VALUES ('125', 'admin', '127.0.0.1', '内网IP', 'Chrome', 'Windows 10', '0', '登录成功', '2020-09-10 15:03:59');
INSERT INTO `sys_logininfor` VALUES ('126', 'admin', '127.0.0.1', '内网IP', 'Chrome', 'Windows 10', '0', '登录成功', '2020-09-10 15:56:20');
INSERT INTO `sys_logininfor` VALUES ('127', 'admin', '127.0.0.1', '内网IP', 'Chrome', 'Windows 10', '0', '登录成功', '2020-09-10 16:29:42');
INSERT INTO `sys_logininfor` VALUES ('128', 'admin', '127.0.0.1', '内网IP', 'Chrome', 'Windows 10', '0', '登录成功', '2020-09-10 17:10:01');
INSERT INTO `sys_logininfor` VALUES ('129', 'admin', '127.0.0.1', '内网IP', 'Chrome', 'Windows 10', '0', '登录成功', '2020-09-10 18:05:52');
INSERT INTO `sys_logininfor` VALUES ('130', 'admin', '127.0.0.1', '内网IP', 'Chrome', 'Windows 10', '1', '验证码错误', '2020-09-11 11:46:20');
INSERT INTO `sys_logininfor` VALUES ('131', 'admin', '127.0.0.1', '内网IP', 'Chrome', 'Windows 10', '0', '登录成功', '2020-09-11 11:46:38');
INSERT INTO `sys_logininfor` VALUES ('132', 'admin', '127.0.0.1', '内网IP', 'Chrome', 'Windows 10', '1', '验证码已失效', '2020-09-11 16:32:58');
INSERT INTO `sys_logininfor` VALUES ('133', 'admin', '127.0.0.1', '内网IP', 'Chrome', 'Windows 10', '1', '验证码错误', '2020-09-11 16:33:09');
INSERT INTO `sys_logininfor` VALUES ('134', 'admin', '127.0.0.1', '内网IP', 'Chrome', 'Windows 10', '0', '登录成功', '2020-09-11 16:33:15');

-- ----------------------------
-- Table structure for sys_menu
-- ----------------------------
DROP TABLE IF EXISTS `sys_menu`;
CREATE TABLE `sys_menu` (
  `menu_id` bigint(20) NOT NULL AUTO_INCREMENT COMMENT '菜单ID',
  `menu_name` varchar(50) NOT NULL COMMENT '菜单名称',
  `parent_id` bigint(20) DEFAULT '0' COMMENT '父菜单ID',
  `order_num` int(4) DEFAULT '0' COMMENT '显示顺序',
  `path` varchar(200) DEFAULT '' COMMENT '路由地址',
  `component` varchar(255) DEFAULT NULL COMMENT '组件路径',
  `outer_link` bit(1) DEFAULT b'0' COMMENT '是否为外链（0是 1否）',
  `menu_type` char(1) DEFAULT '' COMMENT '菜单类型（M目录 C菜单 F按钮）',
  `hidden` char(1) DEFAULT '0' COMMENT '菜单状态（0显示 1隐藏）',
  `status` char(1) DEFAULT '0' COMMENT '菜单状态（0正常 1停用）',
  `perms` varchar(100) DEFAULT NULL COMMENT '权限标识',
  `icon` varchar(100) DEFAULT '#' COMMENT '菜单图标',
  `create_by` varchar(64) DEFAULT '' COMMENT '创建者',
  `create_time` datetime DEFAULT NULL COMMENT '创建时间',
  `update_by` varchar(64) DEFAULT '' COMMENT '更新者',
  `update_time` datetime DEFAULT NULL COMMENT '更新时间',
  `remark` varchar(500) DEFAULT '' COMMENT '备注',
  `hidden_children` bit(1) DEFAULT b'0',
  `hidden_header_content` bit(1) DEFAULT b'0',
  `target` varchar(20) DEFAULT NULL,
  PRIMARY KEY (`menu_id`)
) ENGINE=InnoDB AUTO_INCREMENT=1063 DEFAULT CHARSET=utf8 COMMENT='菜单权限表';

-- ----------------------------
-- Records of sys_menu
-- ----------------------------
INSERT INTO `sys_menu` VALUES ('1', '系统管理', '0', '1', 'system', 'RouteView', '\0', 'M', '0', '0', '', 'setting', 'admin', '2018-03-16 11:33:00', 'turbosloth', '2018-03-16 11:33:00', '系统管理目录', '\0', '\0', '');
INSERT INTO `sys_menu` VALUES ('2', '系统监控', '0', '2', 'monitor', null, '\0', 'M', '0', '0', '', 'dashboard', 'admin', '2018-03-16 11:33:00', 'admin', '2020-09-10 18:28:12', '系统监控目录', '\0', '\0', null);
INSERT INTO `sys_menu` VALUES ('3', '系统工具', '0', '3', 'tool', 'RouteView', '\0', 'M', '0', '0', '', 'tool', 'admin', '2018-03-16 11:33:00', 'turbosloth', '2018-03-16 11:33:00', '系统工具目录', '\0', '\0', null);
INSERT INTO `sys_menu` VALUES ('4', 'Seven', '0', '4', 'http://mxpio.com', null, '', 'C', '0', '0', '', 'star', 'admin', '2018-03-16 11:33:00', 'admin', '2020-09-10 19:11:01', '', '\0', '\0', '_blank');
INSERT INTO `sys_menu` VALUES ('100', '用户管理', '1', '1', 'user', 'system/user/index', '\0', 'C', '0', '0', 'system:user:list', '#', 'admin', '2018-03-16 11:33:00', 'admin', '2020-09-10 18:28:55', '用户管理菜单', '\0', '\0', null);
INSERT INTO `sys_menu` VALUES ('101', '角色管理', '1', '2', 'role', 'system/role/index', '\0', 'C', '0', '0', 'system:role:list', '#', 'admin', '2018-03-16 11:33:00', 'turbosloth', '2018-03-16 11:33:00', '角色管理菜单', '\0', '\0', null);
INSERT INTO `sys_menu` VALUES ('102', '菜单管理', '1', '3', 'menu', 'system/menu/index', '\0', 'C', '0', '0', 'system:menu:list', '#', 'admin', '2018-03-16 11:33:00', 'turbosloth', '2018-03-16 11:33:00', '菜单管理菜单', '\0', '\0', null);
INSERT INTO `sys_menu` VALUES ('103', '部门管理', '1', '4', 'dept', 'system/dept/index', '\0', 'C', '0', '0', 'system:dept:list', '#', 'admin', '2018-03-16 11:33:00', 'turbosloth', '2018-03-16 11:33:00', '部门管理菜单', '\0', '\0', null);
INSERT INTO `sys_menu` VALUES ('104', '岗位管理', '1', '5', 'post', 'system/post/index', '\0', 'C', '0', '0', 'system:post:list', '#', 'admin', '2018-03-16 11:33:00', 'turbosloth', '2018-03-16 11:33:00', '岗位管理菜单', '\0', '\0', null);
INSERT INTO `sys_menu` VALUES ('105', '字典管理', '1', '6', 'dict', 'system/dict/index', '\0', 'C', '0', '0', 'system:dict:list', '#', 'admin', '2018-03-16 11:33:00', 'turbosloth', '2018-03-16 11:33:00', '字典管理菜单', '\0', '\0', null);
INSERT INTO `sys_menu` VALUES ('106', '参数设置', '1', '7', 'config', 'system/config/index', '\0', 'C', '0', '0', 'system:config:list', '#', 'admin', '2018-03-16 11:33:00', 'turbosloth', '2018-03-16 11:33:00', '参数设置菜单', '\0', '\0', null);
INSERT INTO `sys_menu` VALUES ('107', '通知公告', '1', '8', 'notice', 'system/notice/index', '\0', 'C', '0', '0', 'system:notice:list', '#', 'admin', '2018-03-16 11:33:00', 'turbosloth', '2018-03-16 11:33:00', '通知公告菜单', '\0', '\0', null);
INSERT INTO `sys_menu` VALUES ('108', '日志管理', '1', '9', 'log', 'RouteView', '\0', 'M', '0', '0', '', '#', 'admin', '2018-03-16 11:33:00', 'turbosloth', '2018-03-16 11:33:00', '日志管理菜单', '\0', '\0', null);
INSERT INTO `sys_menu` VALUES ('109', '在线用户', '2', '1', 'online', 'monitor/online/index', '\0', 'C', '0', '0', 'monitor:online:list', '#', 'admin', '2018-03-16 11:33:00', 'turbosloth', '2018-03-16 11:33:00', '在线用户菜单', '\0', '\0', null);
INSERT INTO `sys_menu` VALUES ('110', '定时任务', '2', '2', 'job', 'monitor/job/index', '\0', 'C', '0', '0', 'monitor:job:list', '#', 'admin', '2018-03-16 11:33:00', 'turbosloth', '2018-03-16 11:33:00', '定时任务菜单', '\0', '\0', null);
INSERT INTO `sys_menu` VALUES ('111', '数据监控', '2', '3', 'druid', 'monitor/druid/index', '\0', 'C', '0', '0', 'monitor:druid:list', '#', 'admin', '2018-03-16 11:33:00', 'turbosloth', '2018-03-16 11:33:00', '数据监控菜单', '\0', '\0', null);
INSERT INTO `sys_menu` VALUES ('112', '服务监控', '2', '4', 'server', 'monitor/server/index', '\0', 'C', '0', '0', 'monitor:server:list', '#', 'admin', '2018-03-16 11:33:00', 'turbosloth', '2018-03-16 11:33:00', '服务监控菜单', '\0', '\0', null);
INSERT INTO `sys_menu` VALUES ('113', '表单构建', '3', '1', 'build', 'tool/build/index', '\0', 'C', '0', '0', 'tool:build:list', '#', 'admin', '2018-03-16 11:33:00', 'turbosloth', '2018-03-16 11:33:00', '表单构建菜单', '\0', '\0', null);
INSERT INTO `sys_menu` VALUES ('114', '代码生成', '3', '2', 'gen', 'tool/gen/index', '\0', 'C', '0', '0', 'tool:gen:list', '#', 'admin', '2018-03-16 11:33:00', 'turbosloth', '2018-03-16 11:33:00', '代码生成菜单', '\0', '\0', null);
INSERT INTO `sys_menu` VALUES ('115', '系统接口', '3', '3', 'swagger', 'tool/swagger/index', '\0', 'C', '0', '0', 'tool:swagger:list', '#', 'admin', '2018-03-16 11:33:00', 'turbosloth', '2018-03-16 11:33:00', '系统接口菜单', '\0', '\0', null);
INSERT INTO `sys_menu` VALUES ('500', '操作日志', '108', '1', 'operlog', 'monitor/operlog/index', '\0', 'C', '0', '0', 'monitor:operlog:list', '#', 'admin', '2018-03-16 11:33:00', 'turbosloth', '2018-03-16 11:33:00', '操作日志菜单', '\0', '\0', null);
INSERT INTO `sys_menu` VALUES ('501', '登录日志', '108', '2', 'logininfor', 'monitor/logininfor/index', '\0', 'C', '0', '0', 'monitor:logininfor:list', '#', 'admin', '2018-03-16 11:33:00', 'turbosloth', '2018-03-16 11:33:00', '登录日志菜单', '\0', '\0', null);
INSERT INTO `sys_menu` VALUES ('1001', '用户查询', '100', '1', '', '', '\0', 'F', '0', '0', 'system:user:query', '#', 'admin', '2018-03-16 11:33:00', 'turbosloth', '2018-03-16 11:33:00', '', '\0', '\0', null);
INSERT INTO `sys_menu` VALUES ('1002', '用户新增', '100', '2', '', '', '\0', 'F', '0', '0', 'system:user:add', '#', 'admin', '2018-03-16 11:33:00', 'turbosloth', '2018-03-16 11:33:00', '', '\0', '\0', null);
INSERT INTO `sys_menu` VALUES ('1003', '用户修改', '100', '3', '', '', '\0', 'F', '0', '0', 'system:user:edit', '#', 'admin', '2018-03-16 11:33:00', 'turbosloth', '2018-03-16 11:33:00', '', '\0', '\0', null);
INSERT INTO `sys_menu` VALUES ('1004', '用户删除', '100', '4', '', '', '\0', 'F', '0', '0', 'system:user:remove', '#', 'admin', '2018-03-16 11:33:00', 'turbosloth', '2018-03-16 11:33:00', '', '\0', '\0', null);
INSERT INTO `sys_menu` VALUES ('1005', '用户导出', '100', '5', '', '', '\0', 'F', '0', '0', 'system:user:export', '#', 'admin', '2018-03-16 11:33:00', 'turbosloth', '2018-03-16 11:33:00', '', '\0', '\0', null);
INSERT INTO `sys_menu` VALUES ('1006', '用户导入', '100', '6', '', '', '\0', 'F', '0', '0', 'system:user:import', '#', 'admin', '2018-03-16 11:33:00', 'turbosloth', '2018-03-16 11:33:00', '', '\0', '\0', null);
INSERT INTO `sys_menu` VALUES ('1007', '重置密码', '100', '7', '', '', '\0', 'F', '0', '0', 'system:user:resetPwd', '#', 'admin', '2018-03-16 11:33:00', 'turbosloth', '2018-03-16 11:33:00', '', '\0', '\0', null);
INSERT INTO `sys_menu` VALUES ('1008', '角色查询', '101', '1', '', '', '\0', 'F', '0', '0', 'system:role:query', '#', 'admin', '2018-03-16 11:33:00', 'turbosloth', '2018-03-16 11:33:00', '', '\0', '\0', null);
INSERT INTO `sys_menu` VALUES ('1009', '角色新增', '101', '2', '', '', '\0', 'F', '0', '0', 'system:role:add', '#', 'admin', '2018-03-16 11:33:00', 'turbosloth', '2018-03-16 11:33:00', '', '\0', '\0', null);
INSERT INTO `sys_menu` VALUES ('1010', '角色修改', '101', '3', '', '', '\0', 'F', '0', '0', 'system:role:edit', '#', 'admin', '2018-03-16 11:33:00', 'turbosloth', '2018-03-16 11:33:00', '', '\0', '\0', null);
INSERT INTO `sys_menu` VALUES ('1011', '角色删除', '101', '4', '', '', '\0', 'F', '0', '0', 'system:role:remove', '#', 'admin', '2018-03-16 11:33:00', 'turbosloth', '2018-03-16 11:33:00', '', '\0', '\0', null);
INSERT INTO `sys_menu` VALUES ('1012', '角色导出', '101', '5', '', '', '\0', 'F', '0', '0', 'system:role:export', '#', 'admin', '2018-03-16 11:33:00', 'turbosloth', '2018-03-16 11:33:00', '', '\0', '\0', null);
INSERT INTO `sys_menu` VALUES ('1013', '菜单查询', '102', '1', '', '', '\0', 'F', '0', '0', 'system:menu:query', '#', 'admin', '2018-03-16 11:33:00', 'turbosloth', '2018-03-16 11:33:00', '', '\0', '\0', null);
INSERT INTO `sys_menu` VALUES ('1014', '菜单新增', '102', '2', '', '', '\0', 'F', '0', '0', 'system:menu:add', '#', 'admin', '2018-03-16 11:33:00', 'turbosloth', '2018-03-16 11:33:00', '', '\0', '\0', null);
INSERT INTO `sys_menu` VALUES ('1015', '菜单修改', '102', '3', '', '', '\0', 'F', '0', '0', 'system:menu:edit', '#', 'admin', '2018-03-16 11:33:00', 'turbosloth', '2018-03-16 11:33:00', '', '\0', '\0', null);
INSERT INTO `sys_menu` VALUES ('1016', '菜单删除', '102', '4', '', '', '\0', 'F', '0', '0', 'system:menu:remove', '#', 'admin', '2018-03-16 11:33:00', 'turbosloth', '2018-03-16 11:33:00', '', '\0', '\0', null);
INSERT INTO `sys_menu` VALUES ('1017', '部门查询', '103', '1', '', '', '\0', 'F', '0', '0', 'system:dept:query', '#', 'admin', '2018-03-16 11:33:00', 'turbosloth', '2018-03-16 11:33:00', '', '\0', '\0', null);
INSERT INTO `sys_menu` VALUES ('1018', '部门新增', '103', '2', '', '', '\0', 'F', '0', '0', 'system:dept:add', '#', 'admin', '2018-03-16 11:33:00', 'turbosloth', '2018-03-16 11:33:00', '', '\0', '\0', null);
INSERT INTO `sys_menu` VALUES ('1019', '部门修改', '103', '3', '', '', '\0', 'F', '0', '0', 'system:dept:edit', '#', 'admin', '2018-03-16 11:33:00', 'turbosloth', '2018-03-16 11:33:00', '', '\0', '\0', null);
INSERT INTO `sys_menu` VALUES ('1020', '部门删除', '103', '4', '', '', '\0', 'F', '0', '0', 'system:dept:remove', '#', 'admin', '2018-03-16 11:33:00', 'turbosloth', '2018-03-16 11:33:00', '', '\0', '\0', null);
INSERT INTO `sys_menu` VALUES ('1021', '岗位查询', '104', '1', '', '', '\0', 'F', '0', '0', 'system:post:query', '#', 'admin', '2018-03-16 11:33:00', 'turbosloth', '2018-03-16 11:33:00', '', '\0', '\0', null);
INSERT INTO `sys_menu` VALUES ('1022', '岗位新增', '104', '2', '', '', '\0', 'F', '0', '0', 'system:post:add', '#', 'admin', '2018-03-16 11:33:00', 'turbosloth', '2018-03-16 11:33:00', '', '\0', '\0', null);
INSERT INTO `sys_menu` VALUES ('1023', '岗位修改', '104', '3', '', '', '\0', 'F', '0', '0', 'system:post:edit', '#', 'admin', '2018-03-16 11:33:00', 'turbosloth', '2018-03-16 11:33:00', '', '\0', '\0', null);
INSERT INTO `sys_menu` VALUES ('1024', '岗位删除', '104', '4', '', '', '\0', 'F', '0', '0', 'system:post:remove', '#', 'admin', '2018-03-16 11:33:00', 'turbosloth', '2018-03-16 11:33:00', '', '\0', '\0', null);
INSERT INTO `sys_menu` VALUES ('1025', '岗位导出', '104', '5', '', '', '\0', 'F', '0', '0', 'system:post:export', '#', 'admin', '2018-03-16 11:33:00', 'turbosloth', '2018-03-16 11:33:00', '', '\0', '\0', null);
INSERT INTO `sys_menu` VALUES ('1026', '字典查询', '105', '1', '#', '', '\0', 'F', '0', '0', 'system:dict:query', '#', 'admin', '2018-03-16 11:33:00', 'turbosloth', '2018-03-16 11:33:00', '', '\0', '\0', null);
INSERT INTO `sys_menu` VALUES ('1027', '字典新增', '105', '2', '#', '', '\0', 'F', '0', '0', 'system:dict:add', '#', 'admin', '2018-03-16 11:33:00', 'turbosloth', '2018-03-16 11:33:00', '', '\0', '\0', null);
INSERT INTO `sys_menu` VALUES ('1028', '字典修改', '105', '3', '#', '', '\0', 'F', '0', '0', 'system:dict:edit', '#', 'admin', '2018-03-16 11:33:00', 'turbosloth', '2018-03-16 11:33:00', '', '\0', '\0', null);
INSERT INTO `sys_menu` VALUES ('1029', '字典删除', '105', '4', '#', '', '\0', 'F', '0', '0', 'system:dict:remove', '#', 'admin', '2018-03-16 11:33:00', 'turbosloth', '2018-03-16 11:33:00', '', '\0', '\0', null);
INSERT INTO `sys_menu` VALUES ('1030', '字典导出', '105', '5', '#', '', '\0', 'F', '0', '0', 'system:dict:export', '#', 'admin', '2018-03-16 11:33:00', 'turbosloth', '2018-03-16 11:33:00', '', '\0', '\0', null);
INSERT INTO `sys_menu` VALUES ('1031', '参数查询', '106', '1', '#', '', '\0', 'F', '0', '0', 'system:config:query', '#', 'admin', '2018-03-16 11:33:00', 'turbosloth', '2018-03-16 11:33:00', '', '\0', '\0', null);
INSERT INTO `sys_menu` VALUES ('1032', '参数新增', '106', '2', '#', '', '\0', 'F', '0', '0', 'system:config:add', '#', 'admin', '2018-03-16 11:33:00', 'turbosloth', '2018-03-16 11:33:00', '', '\0', '\0', null);
INSERT INTO `sys_menu` VALUES ('1033', '参数修改', '106', '3', '#', '', '\0', 'F', '0', '0', 'system:config:edit', '#', 'admin', '2018-03-16 11:33:00', 'turbosloth', '2018-03-16 11:33:00', '', '\0', '\0', null);
INSERT INTO `sys_menu` VALUES ('1034', '参数删除', '106', '4', '#', '', '\0', 'F', '0', '0', 'system:config:remove', '#', 'admin', '2018-03-16 11:33:00', 'turbosloth', '2018-03-16 11:33:00', '', '\0', '\0', null);
INSERT INTO `sys_menu` VALUES ('1035', '参数导出', '106', '5', '#', '', '\0', 'F', '0', '0', 'system:config:export', '#', 'admin', '2018-03-16 11:33:00', 'turbosloth', '2018-03-16 11:33:00', '', '\0', '\0', null);
INSERT INTO `sys_menu` VALUES ('1036', '公告查询', '107', '1', '#', '', '\0', 'F', '0', '0', 'system:notice:query', '#', 'admin', '2018-03-16 11:33:00', 'turbosloth', '2018-03-16 11:33:00', '', '\0', '\0', null);
INSERT INTO `sys_menu` VALUES ('1037', '公告新增', '107', '2', '#', '', '\0', 'F', '0', '0', 'system:notice:add', '#', 'admin', '2018-03-16 11:33:00', 'turbosloth', '2018-03-16 11:33:00', '', '\0', '\0', null);
INSERT INTO `sys_menu` VALUES ('1038', '公告修改', '107', '3', '#', '', '\0', 'F', '0', '0', 'system:notice:edit', '#', 'admin', '2018-03-16 11:33:00', 'turbosloth', '2018-03-16 11:33:00', '', '\0', '\0', null);
INSERT INTO `sys_menu` VALUES ('1039', '公告删除', '107', '4', '#', '', '\0', 'F', '0', '0', 'system:notice:remove', '#', 'admin', '2018-03-16 11:33:00', 'turbosloth', '2018-03-16 11:33:00', '', '\0', '\0', null);
INSERT INTO `sys_menu` VALUES ('1040', '操作查询', '500', '1', '#', '', '\0', 'F', '0', '0', 'monitor:operlog:query', '#', 'admin', '2018-03-16 11:33:00', 'turbosloth', '2018-03-16 11:33:00', '', '\0', '\0', null);
INSERT INTO `sys_menu` VALUES ('1041', '操作删除', '500', '2', '#', '', '\0', 'F', '0', '0', 'monitor:operlog:remove', '#', 'admin', '2018-03-16 11:33:00', 'turbosloth', '2018-03-16 11:33:00', '', '\0', '\0', null);
INSERT INTO `sys_menu` VALUES ('1042', '日志导出', '500', '4', '#', '', '\0', 'F', '0', '0', 'monitor:operlog:export', '#', 'admin', '2018-03-16 11:33:00', 'turbosloth', '2018-03-16 11:33:00', '', '\0', '\0', null);
INSERT INTO `sys_menu` VALUES ('1043', '登录查询', '501', '1', '#', '', '\0', 'F', '0', '0', 'monitor:logininfor:query', '#', 'admin', '2018-03-16 11:33:00', 'turbosloth', '2018-03-16 11:33:00', '', '\0', '\0', null);
INSERT INTO `sys_menu` VALUES ('1044', '登录删除', '501', '2', '#', '', '\0', 'F', '0', '0', 'monitor:logininfor:remove', '#', 'admin', '2018-03-16 11:33:00', 'turbosloth', '2018-03-16 11:33:00', '', '\0', '\0', null);
INSERT INTO `sys_menu` VALUES ('1045', '日志导出', '501', '3', '#', '', '\0', 'F', '0', '0', 'monitor:logininfor:export', '#', 'admin', '2018-03-16 11:33:00', 'turbosloth', '2018-03-16 11:33:00', '', '\0', '\0', null);
INSERT INTO `sys_menu` VALUES ('1046', '在线查询', '109', '1', '#', '', '\0', 'F', '0', '0', 'monitor:online:query', '#', 'admin', '2018-03-16 11:33:00', 'turbosloth', '2018-03-16 11:33:00', '', '\0', '\0', null);
INSERT INTO `sys_menu` VALUES ('1047', '批量强退', '109', '2', '#', '', '\0', 'F', '0', '0', 'monitor:online:batchLogout', '#', 'admin', '2018-03-16 11:33:00', 'turbosloth', '2018-03-16 11:33:00', '', '\0', '\0', null);
INSERT INTO `sys_menu` VALUES ('1048', '单条强退', '109', '3', '#', '', '\0', 'F', '0', '0', 'monitor:online:forceLogout', '#', 'admin', '2018-03-16 11:33:00', 'turbosloth', '2018-03-16 11:33:00', '', '\0', '\0', null);
INSERT INTO `sys_menu` VALUES ('1049', '任务查询', '110', '1', '#', '', '\0', 'F', '0', '0', 'monitor:job:query', '#', 'admin', '2018-03-16 11:33:00', 'turbosloth', '2018-03-16 11:33:00', '', '\0', '\0', null);
INSERT INTO `sys_menu` VALUES ('1050', '任务新增', '110', '2', '#', '', '\0', 'F', '0', '0', 'monitor:job:add', '#', 'admin', '2018-03-16 11:33:00', 'turbosloth', '2018-03-16 11:33:00', '', '\0', '\0', null);
INSERT INTO `sys_menu` VALUES ('1051', '任务修改', '110', '3', '#', '', '\0', 'F', '0', '0', 'monitor:job:edit', '#', 'admin', '2018-03-16 11:33:00', 'turbosloth', '2018-03-16 11:33:00', '', '\0', '\0', null);
INSERT INTO `sys_menu` VALUES ('1052', '任务删除', '110', '4', '#', '', '\0', 'F', '0', '0', 'monitor:job:remove', '#', 'admin', '2018-03-16 11:33:00', 'turbosloth', '2018-03-16 11:33:00', '', '\0', '\0', null);
INSERT INTO `sys_menu` VALUES ('1053', '状态修改', '110', '5', '#', '', '\0', 'F', '0', '0', 'monitor:job:changeStatus', '#', 'admin', '2018-03-16 11:33:00', 'turbosloth', '2018-03-16 11:33:00', '', '\0', '\0', null);
INSERT INTO `sys_menu` VALUES ('1054', '任务导出', '110', '7', '#', '', '\0', 'F', '0', '0', 'monitor:job:export', '#', 'admin', '2018-03-16 11:33:00', 'turbosloth', '2018-03-16 11:33:00', '', '\0', '\0', null);
INSERT INTO `sys_menu` VALUES ('1055', '生成查询', '114', '1', '#', '', '\0', 'F', '0', '0', 'tool:gen:query', '#', 'admin', '2018-03-16 11:33:00', 'turbosloth', '2018-03-16 11:33:00', '', '\0', '\0', null);
INSERT INTO `sys_menu` VALUES ('1056', '生成修改', '114', '2', '#', '', '\0', 'F', '0', '0', 'tool:gen:edit', '#', 'admin', '2018-03-16 11:33:00', 'turbosloth', '2018-03-16 11:33:00', '', '\0', '\0', null);
INSERT INTO `sys_menu` VALUES ('1057', '生成删除', '114', '3', '#', '', '\0', 'F', '0', '0', 'tool:gen:remove', '#', 'admin', '2018-03-16 11:33:00', 'turbosloth', '2018-03-16 11:33:00', '', '\0', '\0', null);
INSERT INTO `sys_menu` VALUES ('1058', '导入代码', '114', '2', '#', '', '\0', 'F', '0', '0', 'tool:gen:import', '#', 'admin', '2018-03-16 11:33:00', 'turbosloth', '2018-03-16 11:33:00', '', '\0', '\0', null);
INSERT INTO `sys_menu` VALUES ('1059', '预览代码', '114', '4', '#', '', '\0', 'F', '0', '0', 'tool:gen:preview', '#', 'admin', '2018-03-16 11:33:00', 'turbosloth', '2018-03-16 11:33:00', '', '\0', '\0', null);
INSERT INTO `sys_menu` VALUES ('1060', '生成代码', '114', '5', '#', '', '\0', 'F', '0', '0', 'tool:gen:code', '#', 'admin', '2018-03-16 11:33:00', 'turbosloth', '2018-03-16 11:33:00', '', '\0', '\0', null);
INSERT INTO `sys_menu` VALUES ('1061', '编辑代码生成', '3', '2', 'genEdit', 'tool/gen/GenEdit', '\0', 'C', '1', '0', 'tool:gen:edit', '#', 'admin', '2018-03-16 11:33:00', 'turbosloth', '2018-03-16 11:33:00', '', '\0', '\0', null);
INSERT INTO `sys_menu` VALUES ('1062', '百度', '2', '1', 'http://www.baidu.com', null, '', 'C', '0', '0', '', 'lock', 'admin', '2020-09-10 15:19:12', 'admin', '2020-09-10 16:29:15', '', '\0', '\0', '_blank');

-- ----------------------------
-- Table structure for sys_notice
-- ----------------------------
DROP TABLE IF EXISTS `sys_notice`;
CREATE TABLE `sys_notice` (
  `notice_id` int(4) NOT NULL AUTO_INCREMENT COMMENT '公告ID',
  `notice_title` varchar(50) NOT NULL COMMENT '公告标题',
  `notice_type` char(1) NOT NULL COMMENT '公告类型（1通知 2公告）',
  `notice_content` longblob COMMENT '公告内容',
  `status` char(1) DEFAULT '0' COMMENT '公告状态（0正常 1关闭）',
  `create_by` varchar(64) DEFAULT '' COMMENT '创建者',
  `create_time` datetime DEFAULT NULL COMMENT '创建时间',
  `update_by` varchar(64) DEFAULT '' COMMENT '更新者',
  `update_time` datetime DEFAULT NULL COMMENT '更新时间',
  `remark` varchar(255) DEFAULT NULL COMMENT '备注',
  PRIMARY KEY (`notice_id`)
) ENGINE=InnoDB AUTO_INCREMENT=3 DEFAULT CHARSET=utf8 COMMENT='通知公告表';

-- ----------------------------
-- Records of sys_notice
-- ----------------------------
INSERT INTO `sys_notice` VALUES ('1', '温馨提醒：2018-07-01 新版本发布啦', '2', 0xE696B0E78988E69CACE58685E5AEB9, '0', 'admin', '2018-03-16 11:33:00', 'turbosloth', '2018-03-16 11:33:00', '管理员');
INSERT INTO `sys_notice` VALUES ('2', '维护通知：2018-07-01 系统凌晨维护', '1', 0xE7BBB4E68AA4E58685E5AEB9, '0', 'admin', '2018-03-16 11:33:00', 'turbosloth', '2018-03-16 11:33:00', '管理员');

-- ----------------------------
-- Table structure for sys_oper_log
-- ----------------------------
DROP TABLE IF EXISTS `sys_oper_log`;
CREATE TABLE `sys_oper_log` (
  `oper_id` bigint(20) NOT NULL AUTO_INCREMENT COMMENT '日志主键',
  `title` varchar(50) DEFAULT '' COMMENT '模块标题',
  `business_type` int(2) DEFAULT '0' COMMENT '业务类型（0其它 1新增 2修改 3删除）',
  `method` varchar(100) DEFAULT '' COMMENT '方法名称',
  `request_method` varchar(10) DEFAULT '' COMMENT '请求方式',
  `operator_type` int(1) DEFAULT '0' COMMENT '操作类别（0其它 1后台用户 2手机端用户）',
  `oper_name` varchar(50) DEFAULT '' COMMENT '操作人员',
  `dept_name` varchar(50) DEFAULT '' COMMENT '部门名称',
  `oper_url` varchar(255) DEFAULT '' COMMENT '请求URL',
  `oper_ip` varchar(50) DEFAULT '' COMMENT '主机地址',
  `oper_location` varchar(255) DEFAULT '' COMMENT '操作地点',
  `oper_param` varchar(2000) DEFAULT '' COMMENT '请求参数',
  `json_result` varchar(2000) DEFAULT '' COMMENT '返回参数',
  `status` int(1) DEFAULT '0' COMMENT '操作状态（0正常 1异常）',
  `error_msg` varchar(2000) DEFAULT '' COMMENT '错误消息',
  `oper_time` datetime DEFAULT NULL COMMENT '操作时间',
  PRIMARY KEY (`oper_id`)
) ENGINE=InnoDB AUTO_INCREMENT=134 DEFAULT CHARSET=utf8 COMMENT='操作日志记录';

-- ----------------------------
-- Records of sys_oper_log
-- ----------------------------
INSERT INTO `sys_oper_log` VALUES ('100', '用户管理', '1', 'com.mxpio.turboslothboot.web.controller.system.SysUserController.add()', 'POST', '1', 'admin', null, '/system/user', '127.0.0.1', '内网IP', '{\"admin\":false,\"remark\":\"test\",\"email\":\"i@mxpio.com\",\"nickName\":\"测试账号\",\"sex\":\"1\",\"deptId\":104,\"params\":{},\"userName\":\"test\",\"userId\":0,\"roleIds\":[2],\"status\":\"0\"}', '{\"msg\":\"新增用户\'test\'失败，邮箱账号已存在\",\"code\":500}', '0', null, '2020-09-08 14:38:36');
INSERT INTO `sys_oper_log` VALUES ('101', '用户管理', '1', 'com.mxpio.turboslothboot.web.controller.system.SysUserController.add()', 'POST', '1', 'admin', null, '/system/user', '127.0.0.1', '内网IP', '{\"admin\":false,\"remark\":\"test\",\"email\":\"k@mxpio.com\",\"nickName\":\"测试账号\",\"sex\":\"1\",\"deptId\":104,\"params\":{},\"userName\":\"test\",\"userId\":0,\"createBy\":\"admin\",\"roleIds\":[2],\"status\":\"0\"}', 'null', '1', '', '2020-09-08 14:38:47');
INSERT INTO `sys_oper_log` VALUES ('102', '用户管理', '2', 'com.mxpio.turboslothboot.web.controller.system.SysUserController.edit()', 'PUT', '1', 'admin', null, '/system/user', '127.0.0.1', '内网IP', '{\"admin\":false,\"remark\":\"测试员\",\"updateBy\":\"admin\",\"email\":\"k@mxpio.com\",\"nickName\":\"卓臻\",\"sex\":\"1\",\"deptId\":105,\"params\":{},\"userName\":\"turbosloth\",\"userId\":2,\"roleIds\":[2],\"status\":\"0\"}', '{\"msg\":\"操作成功\",\"code\":200}', '0', null, '2020-09-08 14:40:06');
INSERT INTO `sys_oper_log` VALUES ('103', '用户管理', '2', 'com.mxpio.turboslothboot.web.controller.system.SysUserController.resetPwd()', 'PUT', '1', 'admin', null, '/system/user/resetPwd', '127.0.0.1', '内网IP', '{\"admin\":false,\"password\":\"$2a$10$OD2p/rgYEWOmpxFOGaQhmuiHq96G5jUbaJ8IqaRJRp5oHnMa8yMW2\",\"updateBy\":\"admin\",\"params\":{},\"userId\":2}', '{\"msg\":\"操作成功\",\"code\":200}', '0', null, '2020-09-08 14:51:05');
INSERT INTO `sys_oper_log` VALUES ('104', '用户管理', '1', 'com.mxpio.turboslothboot.web.controller.system.SysUserController.add()', 'POST', '1', 'admin', null, '/system/user', '127.0.0.1', '内网IP', '{\"admin\":false,\"remark\":\"111\",\"password\":\"$2a$10$Z5x/HuW9XQ8QIyveUv3NjuEf2ZjcTleRLwmyn.Dnepr4snHqpKoKi\",\"email\":\"fevermxp@qq.com\",\"nickName\":\"测试\",\"sex\":\"1\",\"deptId\":104,\"params\":{},\"userName\":\"test\",\"userId\":100,\"createBy\":\"admin\",\"roleIds\":[2],\"status\":\"0\"}', '{\"msg\":\"操作成功\",\"code\":200}', '0', null, '2020-09-08 14:57:09');
INSERT INTO `sys_oper_log` VALUES ('105', '用户管理', '2', 'com.mxpio.turboslothboot.web.controller.system.SysUserController.resetPwd()', 'PUT', '1', 'admin', null, '/system/user/resetPwd', '127.0.0.1', '内网IP', '{\"admin\":false,\"password\":\"$2a$10$/8dEExQ9rfaJ/WePopjhze7A8evCP1Vx1qj0KMyBkWVeABnXdS3Zq\",\"updateBy\":\"admin\",\"params\":{},\"userId\":100}', '{\"msg\":\"操作成功\",\"code\":200}', '0', null, '2020-09-08 15:21:23');
INSERT INTO `sys_oper_log` VALUES ('106', '用户管理', '2', 'com.mxpio.turboslothboot.web.controller.system.SysUserController.resetPwd()', 'PUT', '1', 'admin', null, '/system/user/resetPwd', '127.0.0.1', '内网IP', '{\"admin\":false,\"password\":\"$2a$10$3imkJ8V4b0RX5FUH/YZpEO8kXRULgsHjLhVpa3NpipnUJlMhGvxjO\",\"updateBy\":\"admin\",\"params\":{},\"userId\":100}', '{\"msg\":\"操作成功\",\"code\":200}', '0', null, '2020-09-08 15:21:28');
INSERT INTO `sys_oper_log` VALUES ('107', '用户管理', '2', 'com.mxpio.turboslothboot.web.controller.system.SysUserController.resetPwd()', 'PUT', '1', 'admin', null, '/system/user/resetPwd', '127.0.0.1', '内网IP', '{\"admin\":false,\"password\":\"$2a$10$viw.qTrI5gZwqjUh0HOsAevIG5FY34wrihQVjnMCKOCALZl4eOnt.\",\"updateBy\":\"admin\",\"params\":{},\"userId\":100}', '{\"msg\":\"操作成功\",\"code\":200}', '0', null, '2020-09-08 15:22:32');
INSERT INTO `sys_oper_log` VALUES ('108', '用户管理', '2', 'com.mxpio.turboslothboot.web.controller.system.SysUserController.edit()', 'PUT', '1', 'admin', null, '/system/user', '127.0.0.1', '内网IP', '{\"admin\":false,\"remark\":\"111\",\"password\":\"1234567\",\"updateBy\":\"admin\",\"email\":\"fevermxp@qq.com\",\"nickName\":\"测试\",\"sex\":\"1\",\"deptId\":104,\"params\":{},\"userName\":\"test\",\"userId\":100,\"roleIds\":[2],\"status\":\"0\"}', '{\"msg\":\"操作成功\",\"code\":200}', '0', null, '2020-09-08 15:23:03');
INSERT INTO `sys_oper_log` VALUES ('109', '用户管理', '2', 'com.mxpio.turboslothboot.web.controller.system.SysUserController.edit()', 'PUT', '1', 'admin', null, '/system/user', '127.0.0.1', '内网IP', '{\"admin\":false,\"remark\":\"111\",\"password\":\"123456\",\"updateBy\":\"admin\",\"email\":\"fevermxp@qq.com\",\"nickName\":\"测试\",\"sex\":\"1\",\"deptId\":104,\"params\":{},\"userName\":\"test\",\"userId\":100,\"roleIds\":[2],\"status\":\"0\"}', '{\"msg\":\"操作成功\",\"code\":200}', '0', null, '2020-09-08 15:26:52');
INSERT INTO `sys_oper_log` VALUES ('110', '角色管理', '2', 'com.mxpio.turboslothboot.web.controller.system.SysRoleController.dataScope()', 'PUT', '1', 'admin', null, '/system/role/dataScope', '127.0.0.1', '内网IP', '{\"flag\":false,\"roleId\":2,\"admin\":false,\"dataScope\":\"2\",\"params\":{},\"roleKey\":\"common\",\"roleName\":\"普通角色\",\"deptIds\":[105,103,101,100]}', '{\"msg\":\"操作成功\",\"code\":200}', '0', null, '2020-09-08 18:17:43');
INSERT INTO `sys_oper_log` VALUES ('111', '用户管理', '2', 'com.mxpio.turboslothboot.web.controller.system.SysUserController.resetPwd()', 'PUT', '1', 'admin', null, '/system/user/resetPwd', '127.0.0.1', '内网IP', '{\"admin\":false,\"password\":\"$2a$10$ujYwoC2XQTZd7MrJ1GMAOeRcN4vJfm6DXO/G5KPy6OJlGEE8MNYf.\",\"updateBy\":\"admin\",\"params\":{},\"userId\":100}', '{\"msg\":\"操作成功\",\"code\":200}', '0', null, '2020-09-08 18:19:02');
INSERT INTO `sys_oper_log` VALUES ('112', '部门管理', '2', 'com.mxpio.turboslothboot.web.controller.system.SysDeptController.edit()', 'PUT', '1', 'admin', null, '/system/dept', '127.0.0.1', '内网IP', '{\"deptName\":\"财务部门\",\"leader\":\"卓臻\",\"deptId\":106,\"orderNum\":\"4\",\"params\":{},\"parentId\":101,\"children\":[],\"phone\":\"15888888888\",\"updateBy\":\"admin\",\"ancestors\":\"0,100,101\",\"email\":\"i@mxpio.com\",\"status\":\"0\"}', '{\"msg\":\"操作成功\",\"code\":200}', '0', null, '2020-09-09 09:42:32');
INSERT INTO `sys_oper_log` VALUES ('113', '参数管理', '2', 'com.mxpio.turboslothboot.web.controller.system.SysConfigController.edit()', 'PUT', '1', 'admin', null, '/system/config', '127.0.0.1', '内网IP', '{\"configName\":\"主框架页-默认皮肤样式名称\",\"remark\":\"蓝色 skin-blue、绿色 skin-green、紫色 skin-purple、红色 skin-red、黄色 skin-yellow\",\"configType\":\"Y\",\"configValue\":\"skin-green\",\"params\":{},\"configKey\":\"sys.index.skinName\",\"updateBy\":\"admin\",\"configId\":1}', '{\"msg\":\"操作成功\",\"code\":200}', '0', null, '2020-09-09 10:14:12');
INSERT INTO `sys_oper_log` VALUES ('114', '参数管理', '2', 'com.mxpio.turboslothboot.web.controller.system.SysConfigController.edit()', 'PUT', '1', 'admin', null, '/system/config', '127.0.0.1', '内网IP', '{\"configName\":\"主框架页-默认皮肤样式名称\",\"remark\":\"蓝色 skin-blue、绿色 skin-green、紫色 skin-purple、红色 skin-red、黄色 skin-yellow\",\"configType\":\"Y\",\"configValue\":\"skin-blue\",\"params\":{},\"configKey\":\"sys.index.skinName\",\"updateBy\":\"admin\",\"configId\":1}', '{\"msg\":\"操作成功\",\"code\":200}', '0', null, '2020-09-09 10:14:55');
INSERT INTO `sys_oper_log` VALUES ('115', '代码生成', '6', 'com.mxpio.turboslothboot.generator.controller.GenController.importTableSave()', 'POST', '1', 'admin', null, '/tool/gen/importTable', '127.0.0.1', '内网IP', 'sys_config', '{\"msg\":\"操作成功\",\"code\":200}', '0', null, '2020-09-09 11:29:16');
INSERT INTO `sys_oper_log` VALUES ('116', '菜单管理', '1', 'com.mxpio.turboslothboot.web.controller.system.SysMenuController.add()', 'POST', '1', 'admin', null, '/system/menu', '127.0.0.1', '内网IP', '{\"visible\":\"0\",\"icon\":\"lock\",\"orderNum\":\"1\",\"menuName\":\"百度\",\"params\":{},\"parentId\":2,\"createBy\":\"admin\",\"children\":[],\"menuType\":\"M\"}', '{\"msg\":\"操作成功\",\"code\":200}', '0', null, '2020-09-10 15:19:12');
INSERT INTO `sys_oper_log` VALUES ('117', '菜单管理', '2', 'com.mxpio.turboslothboot.web.controller.system.SysMenuController.edit()', 'PUT', '1', 'admin', null, '/system/menu', '127.0.0.1', '内网IP', '{\"visible\":\"0\",\"icon\":\"lock\",\"orderNum\":\"1\",\"menuName\":\"百度\",\"params\":{},\"parentId\":2,\"path\":\"\",\"children\":[],\"updateBy\":\"admin\",\"menuId\":1062,\"menuType\":\"C\",\"perms\":\"\"}', '{\"msg\":\"操作成功\",\"code\":200}', '0', null, '2020-09-10 15:57:15');
INSERT INTO `sys_oper_log` VALUES ('118', '菜单管理', '2', 'com.mxpio.turboslothboot.web.controller.system.SysMenuController.edit()', 'PUT', '1', 'admin', null, '/system/menu', '127.0.0.1', '内网IP', '{\"visible\":\"0\",\"icon\":\"lock\",\"orderNum\":\"1\",\"menuName\":\"百度\",\"params\":{},\"parentId\":2,\"path\":\"\",\"children\":[],\"updateBy\":\"admin\",\"menuId\":1062,\"menuType\":\"M\",\"perms\":\"\"}', '{\"msg\":\"操作成功\",\"code\":200}', '0', null, '2020-09-10 15:57:57');
INSERT INTO `sys_oper_log` VALUES ('119', '菜单管理', '2', 'com.mxpio.turboslothboot.web.controller.system.SysMenuController.edit()', 'PUT', '1', 'admin', null, '/system/menu', '127.0.0.1', '内网IP', '{\"visible\":\"0\",\"icon\":\"lock\",\"orderNum\":\"1\",\"menuName\":\"百度\",\"params\":{},\"parentId\":2,\"path\":\"http://www.baidu.com\",\"children\":[],\"updateBy\":\"admin\",\"menuId\":1062,\"menuType\":\"C\",\"perms\":\"\"}', '{\"msg\":\"操作成功\",\"code\":200}', '0', null, '2020-09-10 16:12:42');
INSERT INTO `sys_oper_log` VALUES ('120', '菜单管理', '2', 'com.mxpio.turboslothboot.web.controller.system.SysMenuController.edit()', 'PUT', '1', 'admin', null, '/system/menu', '127.0.0.1', '内网IP', '{\"visible\":\"0\",\"icon\":\"lock\",\"orderNum\":\"1\",\"menuName\":\"百度\",\"params\":{},\"parentId\":2,\"path\":\"http://www.baidu.com\",\"children\":[],\"updateBy\":\"admin\",\"menuId\":1062,\"menuType\":\"C\",\"perms\":\"\"}', '{\"msg\":\"操作成功\",\"code\":200}', '0', null, '2020-09-10 16:29:15');
INSERT INTO `sys_oper_log` VALUES ('121', '菜单管理', '2', 'com.mxpio.turboslothboot.web.controller.system.SysMenuController.edit()', 'PUT', '1', 'admin', null, '/system/menu', '127.0.0.1', '内网IP', '{\"hidden\":\"0\",\"icon\":\"#\",\"orderNum\":\"1\",\"menuName\":\"用户管理\",\"path\":\"user\",\"children\":[],\"updateBy\":\"admin\",\"menuId\":100,\"perms\":\"system:user:list\",\"hiddenHeaderContent\":false,\"params\":{},\"parentId\":1,\"hiddenChildren\":true,\"component\":\"system/user/index\",\"menuType\":\"C\"}', 'null', '1', 'nested exception is org.apache.ibatis.reflection.ReflectionException: There is no getter for property named \'hidden_children\' in \'class com.mxpio.turboslothboot.common.core.domain.entity.SysMenu\'', '2020-09-10 18:06:53');
INSERT INTO `sys_oper_log` VALUES ('122', '菜单管理', '2', 'com.mxpio.turboslothboot.web.controller.system.SysMenuController.edit()', 'PUT', '1', 'admin', null, '/system/menu', '127.0.0.1', '内网IP', '{\"hidden\":\"0\",\"icon\":\"\",\"orderNum\":\"1\",\"menuName\":\"用户管理\",\"path\":\"user\",\"children\":[],\"updateBy\":\"admin\",\"menuId\":100,\"perms\":\"system:user:list\",\"hiddenHeaderContent\":false,\"params\":{},\"parentId\":1,\"hiddenChildren\":true,\"component\":\"system/user/index\",\"menuType\":\"C\"}', 'null', '1', 'nested exception is org.apache.ibatis.reflection.ReflectionException: There is no getter for property named \'hidden_children\' in \'class com.mxpio.turboslothboot.common.core.domain.entity.SysMenu\'', '2020-09-10 18:08:39');
INSERT INTO `sys_oper_log` VALUES ('123', '菜单管理', '2', 'com.mxpio.turboslothboot.web.controller.system.SysMenuController.edit()', 'PUT', '1', 'admin', null, '/system/menu', '127.0.0.1', '内网IP', '{\"hidden\":\"0\",\"icon\":\"\",\"orderNum\":\"1\",\"menuName\":\"用户管理\",\"path\":\"user\",\"children\":[],\"updateBy\":\"admin\",\"menuId\":100,\"perms\":\"system:user:list\",\"hiddenHeaderContent\":false,\"params\":{},\"parentId\":1,\"hiddenChildren\":true,\"component\":\"system/user/index\",\"menuType\":\"C\"}', 'null', '1', 'nested exception is org.apache.ibatis.reflection.ReflectionException: There is no getter for property named \'hidden_children\' in \'class com.mxpio.turboslothboot.common.core.domain.entity.SysMenu\'', '2020-09-10 18:12:37');
INSERT INTO `sys_oper_log` VALUES ('124', '菜单管理', '2', 'com.mxpio.turboslothboot.web.controller.system.SysMenuController.edit()', 'PUT', '1', 'admin', null, '/system/menu', '127.0.0.1', '内网IP', '{\"hidden\":\"0\",\"icon\":\"\",\"orderNum\":\"1\",\"menuName\":\"用户管理\",\"path\":\"user\",\"children\":[],\"updateBy\":\"admin\",\"menuId\":100,\"perms\":\"system:user:list\",\"hiddenHeaderContent\":false,\"params\":{},\"parentId\":1,\"hiddenChildren\":true,\"component\":\"system/user/index\",\"menuType\":\"C\"}', 'null', '1', 'nested exception is org.apache.ibatis.reflection.ReflectionException: There is no getter for property named \'hidden_children\' in \'class com.mxpio.turboslothboot.common.core.domain.entity.SysMenu\'', '2020-09-10 18:15:25');
INSERT INTO `sys_oper_log` VALUES ('125', '菜单管理', '2', 'com.mxpio.turboslothboot.web.controller.system.SysMenuController.edit()', 'PUT', '1', 'admin', null, '/system/menu', '127.0.0.1', '内网IP', '{\"hidden\":\"0\",\"icon\":\"\",\"orderNum\":\"1\",\"menuName\":\"用户管理\",\"path\":\"user\",\"children\":[],\"updateBy\":\"admin\",\"menuId\":100,\"perms\":\"system:user:list\",\"hiddenHeaderContent\":false,\"params\":{},\"parentId\":1,\"hiddenChildren\":true,\"component\":\"system/user/index\",\"menuType\":\"C\"}', 'null', '1', 'nested exception is org.apache.ibatis.reflection.ReflectionException: There is no getter for property named \'hidden_children\' in \'class com.mxpio.turboslothboot.common.core.domain.entity.SysMenu\'', '2020-09-10 18:17:26');
INSERT INTO `sys_oper_log` VALUES ('126', '菜单管理', '2', 'com.mxpio.turboslothboot.web.controller.system.SysMenuController.edit()', 'PUT', '1', 'admin', null, '/system/menu', '127.0.0.1', '内网IP', '{\"hidden\":\"0\",\"icon\":\"\",\"orderNum\":\"1\",\"menuName\":\"用户管理\",\"path\":\"user\",\"children\":[],\"updateBy\":\"admin\",\"menuId\":100,\"perms\":\"system:user:list\",\"hiddenHeaderContent\":false,\"params\":{},\"parentId\":1,\"hiddenChildren\":true,\"component\":\"system/user/index\",\"menuType\":\"C\"}', '{\"msg\":\"操作成功\",\"code\":200}', '0', null, '2020-09-10 18:27:18');
INSERT INTO `sys_oper_log` VALUES ('127', '菜单管理', '2', 'com.mxpio.turboslothboot.web.controller.system.SysMenuController.edit()', 'PUT', '1', 'admin', null, '/system/menu', '127.0.0.1', '内网IP', '{\"hidden\":\"0\",\"icon\":\"#\",\"orderNum\":\"1\",\"menuName\":\"用户管理\",\"path\":\"user\",\"children\":[],\"updateBy\":\"admin\",\"menuId\":100,\"perms\":\"system:user:list\",\"hiddenHeaderContent\":false,\"params\":{},\"parentId\":1,\"hiddenChildren\":false,\"component\":\"system/user/index\",\"menuType\":\"C\"}', '{\"msg\":\"操作成功\",\"code\":200}', '0', null, '2020-09-10 18:27:40');
INSERT INTO `sys_oper_log` VALUES ('128', '菜单管理', '2', 'com.mxpio.turboslothboot.web.controller.system.SysMenuController.edit()', 'PUT', '1', 'admin', null, '/system/menu', '127.0.0.1', '内网IP', '{\"hidden\":\"0\",\"icon\":\"dashboard\",\"orderNum\":\"2\",\"menuName\":\"系统监控\",\"path\":\"monitor\",\"children\":[],\"updateBy\":\"admin\",\"menuId\":2,\"perms\":\"\",\"hiddenHeaderContent\":false,\"params\":{},\"parentId\":0,\"hiddenChildren\":true,\"menuType\":\"M\"}', '{\"msg\":\"操作成功\",\"code\":200}', '0', null, '2020-09-10 18:27:47');
INSERT INTO `sys_oper_log` VALUES ('129', '菜单管理', '2', 'com.mxpio.turboslothboot.web.controller.system.SysMenuController.edit()', 'PUT', '1', 'admin', null, '/system/menu', '127.0.0.1', '内网IP', '{\"hidden\":\"0\",\"icon\":\"dashboard\",\"orderNum\":\"2\",\"menuName\":\"系统监控\",\"path\":\"monitor\",\"children\":[],\"updateBy\":\"admin\",\"menuId\":2,\"perms\":\"\",\"hiddenHeaderContent\":false,\"params\":{},\"parentId\":0,\"hiddenChildren\":false,\"menuType\":\"M\"}', '{\"msg\":\"操作成功\",\"code\":200}', '0', null, '2020-09-10 18:28:12');
INSERT INTO `sys_oper_log` VALUES ('130', '菜单管理', '2', 'com.mxpio.turboslothboot.web.controller.system.SysMenuController.edit()', 'PUT', '1', 'admin', null, '/system/menu', '127.0.0.1', '内网IP', '{\"hidden\":\"0\",\"icon\":\"#\",\"orderNum\":\"1\",\"menuName\":\"用户管理\",\"path\":\"user\",\"children\":[],\"updateBy\":\"admin\",\"menuId\":100,\"perms\":\"system:user:list\",\"hiddenHeaderContent\":true,\"params\":{},\"parentId\":1,\"hiddenChildren\":false,\"component\":\"system/user/index\",\"menuType\":\"C\"}', '{\"msg\":\"操作成功\",\"code\":200}', '0', null, '2020-09-10 18:28:21');
INSERT INTO `sys_oper_log` VALUES ('131', '菜单管理', '2', 'com.mxpio.turboslothboot.web.controller.system.SysMenuController.edit()', 'PUT', '1', 'admin', null, '/system/menu', '127.0.0.1', '内网IP', '{\"hidden\":\"0\",\"icon\":\"#\",\"orderNum\":\"1\",\"menuName\":\"用户管理\",\"path\":\"user\",\"children\":[],\"updateBy\":\"admin\",\"menuId\":100,\"perms\":\"system:user:list\",\"hiddenHeaderContent\":false,\"params\":{},\"parentId\":1,\"hiddenChildren\":false,\"component\":\"system/user/index\",\"menuType\":\"C\"}', '{\"msg\":\"操作成功\",\"code\":200}', '0', null, '2020-09-10 18:28:55');
INSERT INTO `sys_oper_log` VALUES ('132', '菜单管理', '2', 'com.mxpio.turboslothboot.web.controller.system.SysMenuController.edit()', 'PUT', '1', 'admin', null, '/system/menu', '127.0.0.1', '内网IP', '{\"hidden\":\"0\",\"icon\":\"star\",\"orderNum\":\"4\",\"menuName\":\"Seven\",\"path\":\"http://mxpio.com\",\"children\":[],\"updateBy\":\"admin\",\"menuId\":4,\"perms\":\"\",\"hiddenHeaderContent\":false,\"params\":{},\"parentId\":0,\"hiddenChildren\":false,\"outerLink\":true,\"menuType\":\"C\"}', '{\"msg\":\"操作成功\",\"code\":200}', '0', null, '2020-09-10 18:58:46');
INSERT INTO `sys_oper_log` VALUES ('133', '菜单管理', '2', 'com.mxpio.turboslothboot.web.controller.system.SysMenuController.edit()', 'PUT', '1', 'admin', null, '/system/menu', '127.0.0.1', '内网IP', '{\"hidden\":\"0\",\"icon\":\"star\",\"orderNum\":\"4\",\"menuName\":\"Seven\",\"path\":\"http://mxpio.com\",\"children\":[],\"updateBy\":\"admin\",\"menuId\":4,\"perms\":\"\",\"hiddenHeaderContent\":false,\"params\":{},\"parentId\":0,\"target\":\"_blank\",\"hiddenChildren\":false,\"outerLink\":true,\"menuType\":\"C\"}', '{\"msg\":\"操作成功\",\"code\":200}', '0', null, '2020-09-10 19:11:01');

-- ----------------------------
-- Table structure for sys_post
-- ----------------------------
DROP TABLE IF EXISTS `sys_post`;
CREATE TABLE `sys_post` (
  `post_id` bigint(20) NOT NULL AUTO_INCREMENT COMMENT '岗位ID',
  `post_code` varchar(64) NOT NULL COMMENT '岗位编码',
  `post_name` varchar(50) NOT NULL COMMENT '岗位名称',
  `post_sort` int(4) NOT NULL COMMENT '显示顺序',
  `status` char(1) NOT NULL COMMENT '状态（0正常 1停用）',
  `create_by` varchar(64) DEFAULT '' COMMENT '创建者',
  `create_time` datetime DEFAULT NULL COMMENT '创建时间',
  `update_by` varchar(64) DEFAULT '' COMMENT '更新者',
  `update_time` datetime DEFAULT NULL COMMENT '更新时间',
  `remark` varchar(500) DEFAULT NULL COMMENT '备注',
  PRIMARY KEY (`post_id`)
) ENGINE=InnoDB AUTO_INCREMENT=5 DEFAULT CHARSET=utf8 COMMENT='岗位信息表';

-- ----------------------------
-- Records of sys_post
-- ----------------------------
INSERT INTO `sys_post` VALUES ('1', 'ceo', '董事长', '1', '0', 'admin', '2018-03-16 11:33:00', 'turbosloth', '2018-03-16 11:33:00', '');
INSERT INTO `sys_post` VALUES ('2', 'se', '项目经理', '2', '0', 'admin', '2018-03-16 11:33:00', 'turbosloth', '2018-03-16 11:33:00', '');
INSERT INTO `sys_post` VALUES ('3', 'hr', '人力资源', '3', '0', 'admin', '2018-03-16 11:33:00', 'turbosloth', '2018-03-16 11:33:00', '');
INSERT INTO `sys_post` VALUES ('4', 'user', '普通员工', '4', '0', 'admin', '2018-03-16 11:33:00', 'turbosloth', '2018-03-16 11:33:00', '');

-- ----------------------------
-- Table structure for sys_role
-- ----------------------------
DROP TABLE IF EXISTS `sys_role`;
CREATE TABLE `sys_role` (
  `role_id` bigint(20) NOT NULL AUTO_INCREMENT COMMENT '角色ID',
  `role_name` varchar(30) NOT NULL COMMENT '角色名称',
  `role_key` varchar(100) NOT NULL COMMENT '角色权限字符串',
  `role_sort` int(4) NOT NULL COMMENT '显示顺序',
  `data_scope` char(1) DEFAULT '1' COMMENT '数据范围（1：全部数据权限 2：自定数据权限 3：本部门数据权限 4：本部门及以下数据权限）',
  `status` char(1) NOT NULL COMMENT '角色状态（0正常 1停用）',
  `del_flag` char(1) DEFAULT '0' COMMENT '删除标志（0代表存在 2代表删除）',
  `create_by` varchar(64) DEFAULT '' COMMENT '创建者',
  `create_time` datetime DEFAULT NULL COMMENT '创建时间',
  `update_by` varchar(64) DEFAULT '' COMMENT '更新者',
  `update_time` datetime DEFAULT NULL COMMENT '更新时间',
  `remark` varchar(500) DEFAULT NULL COMMENT '备注',
  PRIMARY KEY (`role_id`)
) ENGINE=InnoDB AUTO_INCREMENT=3 DEFAULT CHARSET=utf8 COMMENT='角色信息表';

-- ----------------------------
-- Records of sys_role
-- ----------------------------
INSERT INTO `sys_role` VALUES ('1', '超级管理员', 'admin', '1', '1', '0', '0', 'admin', '2018-03-16 11:33:00', 'turbosloth', '2018-03-16 11:33:00', '超级管理员');
INSERT INTO `sys_role` VALUES ('2', '普通角色', 'common', '2', '2', '0', '0', 'admin', '2018-03-16 11:33:00', 'turbosloth', '2020-09-08 18:17:43', '普通角色');

-- ----------------------------
-- Table structure for sys_role_dept
-- ----------------------------
DROP TABLE IF EXISTS `sys_role_dept`;
CREATE TABLE `sys_role_dept` (
  `role_id` bigint(20) NOT NULL COMMENT '角色ID',
  `dept_id` bigint(20) NOT NULL COMMENT '部门ID',
  PRIMARY KEY (`role_id`,`dept_id`)
) ENGINE=InnoDB DEFAULT CHARSET=utf8 COMMENT='角色和部门关联表';

-- ----------------------------
-- Records of sys_role_dept
-- ----------------------------
INSERT INTO `sys_role_dept` VALUES ('2', '100');
INSERT INTO `sys_role_dept` VALUES ('2', '101');
INSERT INTO `sys_role_dept` VALUES ('2', '103');
INSERT INTO `sys_role_dept` VALUES ('2', '105');

-- ----------------------------
-- Table structure for sys_role_menu
-- ----------------------------
DROP TABLE IF EXISTS `sys_role_menu`;
CREATE TABLE `sys_role_menu` (
  `role_id` bigint(20) NOT NULL COMMENT '角色ID',
  `menu_id` bigint(20) NOT NULL COMMENT '菜单ID',
  PRIMARY KEY (`role_id`,`menu_id`)
) ENGINE=InnoDB DEFAULT CHARSET=utf8 COMMENT='角色和菜单关联表';

-- ----------------------------
-- Records of sys_role_menu
-- ----------------------------
INSERT INTO `sys_role_menu` VALUES ('2', '1');
INSERT INTO `sys_role_menu` VALUES ('2', '2');
INSERT INTO `sys_role_menu` VALUES ('2', '3');
INSERT INTO `sys_role_menu` VALUES ('2', '4');
INSERT INTO `sys_role_menu` VALUES ('2', '100');
INSERT INTO `sys_role_menu` VALUES ('2', '101');
INSERT INTO `sys_role_menu` VALUES ('2', '102');
INSERT INTO `sys_role_menu` VALUES ('2', '103');
INSERT INTO `sys_role_menu` VALUES ('2', '104');
INSERT INTO `sys_role_menu` VALUES ('2', '105');
INSERT INTO `sys_role_menu` VALUES ('2', '106');
INSERT INTO `sys_role_menu` VALUES ('2', '107');
INSERT INTO `sys_role_menu` VALUES ('2', '108');
INSERT INTO `sys_role_menu` VALUES ('2', '109');
INSERT INTO `sys_role_menu` VALUES ('2', '110');
INSERT INTO `sys_role_menu` VALUES ('2', '111');
INSERT INTO `sys_role_menu` VALUES ('2', '112');
INSERT INTO `sys_role_menu` VALUES ('2', '113');
INSERT INTO `sys_role_menu` VALUES ('2', '114');
INSERT INTO `sys_role_menu` VALUES ('2', '115');
INSERT INTO `sys_role_menu` VALUES ('2', '500');
INSERT INTO `sys_role_menu` VALUES ('2', '501');
INSERT INTO `sys_role_menu` VALUES ('2', '1000');
INSERT INTO `sys_role_menu` VALUES ('2', '1001');
INSERT INTO `sys_role_menu` VALUES ('2', '1002');
INSERT INTO `sys_role_menu` VALUES ('2', '1003');
INSERT INTO `sys_role_menu` VALUES ('2', '1004');
INSERT INTO `sys_role_menu` VALUES ('2', '1005');
INSERT INTO `sys_role_menu` VALUES ('2', '1006');
INSERT INTO `sys_role_menu` VALUES ('2', '1007');
INSERT INTO `sys_role_menu` VALUES ('2', '1008');
INSERT INTO `sys_role_menu` VALUES ('2', '1009');
INSERT INTO `sys_role_menu` VALUES ('2', '1010');
INSERT INTO `sys_role_menu` VALUES ('2', '1011');
INSERT INTO `sys_role_menu` VALUES ('2', '1012');
INSERT INTO `sys_role_menu` VALUES ('2', '1013');
INSERT INTO `sys_role_menu` VALUES ('2', '1014');
INSERT INTO `sys_role_menu` VALUES ('2', '1015');
INSERT INTO `sys_role_menu` VALUES ('2', '1016');
INSERT INTO `sys_role_menu` VALUES ('2', '1017');
INSERT INTO `sys_role_menu` VALUES ('2', '1018');
INSERT INTO `sys_role_menu` VALUES ('2', '1019');
INSERT INTO `sys_role_menu` VALUES ('2', '1020');
INSERT INTO `sys_role_menu` VALUES ('2', '1021');
INSERT INTO `sys_role_menu` VALUES ('2', '1022');
INSERT INTO `sys_role_menu` VALUES ('2', '1023');
INSERT INTO `sys_role_menu` VALUES ('2', '1024');
INSERT INTO `sys_role_menu` VALUES ('2', '1025');
INSERT INTO `sys_role_menu` VALUES ('2', '1026');
INSERT INTO `sys_role_menu` VALUES ('2', '1027');
INSERT INTO `sys_role_menu` VALUES ('2', '1028');
INSERT INTO `sys_role_menu` VALUES ('2', '1029');
INSERT INTO `sys_role_menu` VALUES ('2', '1030');
INSERT INTO `sys_role_menu` VALUES ('2', '1031');
INSERT INTO `sys_role_menu` VALUES ('2', '1032');
INSERT INTO `sys_role_menu` VALUES ('2', '1033');
INSERT INTO `sys_role_menu` VALUES ('2', '1034');
INSERT INTO `sys_role_menu` VALUES ('2', '1035');
INSERT INTO `sys_role_menu` VALUES ('2', '1036');
INSERT INTO `sys_role_menu` VALUES ('2', '1037');
INSERT INTO `sys_role_menu` VALUES ('2', '1038');
INSERT INTO `sys_role_menu` VALUES ('2', '1039');
INSERT INTO `sys_role_menu` VALUES ('2', '1040');
INSERT INTO `sys_role_menu` VALUES ('2', '1041');
INSERT INTO `sys_role_menu` VALUES ('2', '1042');
INSERT INTO `sys_role_menu` VALUES ('2', '1043');
INSERT INTO `sys_role_menu` VALUES ('2', '1044');
INSERT INTO `sys_role_menu` VALUES ('2', '1045');
INSERT INTO `sys_role_menu` VALUES ('2', '1046');
INSERT INTO `sys_role_menu` VALUES ('2', '1047');
INSERT INTO `sys_role_menu` VALUES ('2', '1048');
INSERT INTO `sys_role_menu` VALUES ('2', '1049');
INSERT INTO `sys_role_menu` VALUES ('2', '1050');
INSERT INTO `sys_role_menu` VALUES ('2', '1051');
INSERT INTO `sys_role_menu` VALUES ('2', '1052');
INSERT INTO `sys_role_menu` VALUES ('2', '1053');
INSERT INTO `sys_role_menu` VALUES ('2', '1054');
INSERT INTO `sys_role_menu` VALUES ('2', '1055');
INSERT INTO `sys_role_menu` VALUES ('2', '1056');
INSERT INTO `sys_role_menu` VALUES ('2', '1057');
INSERT INTO `sys_role_menu` VALUES ('2', '1058');
INSERT INTO `sys_role_menu` VALUES ('2', '1059');
INSERT INTO `sys_role_menu` VALUES ('2', '1060');

-- ----------------------------
-- Table structure for sys_user
-- ----------------------------
DROP TABLE IF EXISTS `sys_user`;
CREATE TABLE `sys_user` (
  `user_id` bigint(20) NOT NULL AUTO_INCREMENT COMMENT '用户ID',
  `dept_id` bigint(20) DEFAULT NULL COMMENT '部门ID',
  `user_name` varchar(30) NOT NULL COMMENT '用户账号',
  `nick_name` varchar(30) NOT NULL COMMENT '用户昵称',
  `user_type` varchar(2) DEFAULT '00' COMMENT '用户类型（00系统用户）',
  `email` varchar(50) DEFAULT '' COMMENT '用户邮箱',
  `phonenumber` varchar(11) DEFAULT '' COMMENT '手机号码',
  `sex` char(1) DEFAULT '0' COMMENT '用户性别（0男 1女 2未知）',
  `avatar` varchar(100) DEFAULT '' COMMENT '头像地址',
  `password` varchar(100) DEFAULT '' COMMENT '密码',
  `status` char(1) DEFAULT '0' COMMENT '帐号状态（0正常 1停用）',
  `del_flag` char(1) DEFAULT '0' COMMENT '删除标志（0代表存在 2代表删除）',
  `login_ip` varchar(50) DEFAULT '' COMMENT '最后登陆IP',
  `login_date` datetime DEFAULT NULL COMMENT '最后登陆时间',
  `create_by` varchar(64) DEFAULT '' COMMENT '创建者',
  `create_time` datetime DEFAULT NULL COMMENT '创建时间',
  `update_by` varchar(64) DEFAULT '' COMMENT '更新者',
  `update_time` datetime DEFAULT NULL COMMENT '更新时间',
  `remark` varchar(500) DEFAULT NULL COMMENT '备注',
  PRIMARY KEY (`user_id`)
) ENGINE=InnoDB AUTO_INCREMENT=101 DEFAULT CHARSET=utf8 COMMENT='用户信息表';

-- ----------------------------
-- Records of sys_user
-- ----------------------------
INSERT INTO `sys_user` VALUES ('1', '103', 'admin', '超级管理员', '00', 'i@mxpio.com', '15888888888', '1', '', '$2a$10$7JB720yubVSZvUI0rEqK/.VqGOZTH.ulu33dHOiBE8ByOhJIrdAu2', '0', '0', '127.0.0.1', '2018-03-16 11:33:00', 'admin', '2018-03-16 11:33:00', 'turbosloth', '2018-03-16 11:33:00', '管理员');
INSERT INTO `sys_user` VALUES ('2', '105', 'turbosloth', '卓臻', '00', 'k@mxpio.com', '15666666666', '1', '', '$2a$10$OD2p/rgYEWOmpxFOGaQhmuiHq96G5jUbaJ8IqaRJRp5oHnMa8yMW2', '0', '0', '127.0.0.1', '2018-03-16 11:33:00', 'admin', '2018-03-16 11:33:00', 'admin', '2020-09-08 14:51:05', '测试员');
INSERT INTO `sys_user` VALUES ('100', '104', 'test', '测试', '00', 'fevermxp@qq.com', '', '1', '', '$2a$10$ujYwoC2XQTZd7MrJ1GMAOeRcN4vJfm6DXO/G5KPy6OJlGEE8MNYf.', '0', '0', '', null, 'admin', '2020-09-08 14:57:09', 'admin', '2020-09-08 18:19:01', '111');

-- ----------------------------
-- Table structure for sys_user_post
-- ----------------------------
DROP TABLE IF EXISTS `sys_user_post`;
CREATE TABLE `sys_user_post` (
  `user_id` bigint(20) NOT NULL COMMENT '用户ID',
  `post_id` bigint(20) NOT NULL COMMENT '岗位ID',
  PRIMARY KEY (`user_id`,`post_id`)
) ENGINE=InnoDB DEFAULT CHARSET=utf8 COMMENT='用户与岗位关联表';

-- ----------------------------
-- Records of sys_user_post
-- ----------------------------
INSERT INTO `sys_user_post` VALUES ('1', '1');

-- ----------------------------
-- Table structure for sys_user_role
-- ----------------------------
DROP TABLE IF EXISTS `sys_user_role`;
CREATE TABLE `sys_user_role` (
  `user_id` bigint(20) NOT NULL COMMENT '用户ID',
  `role_id` bigint(20) NOT NULL COMMENT '角色ID',
  PRIMARY KEY (`user_id`,`role_id`)
) ENGINE=InnoDB DEFAULT CHARSET=utf8 COMMENT='用户和角色关联表';

-- ----------------------------
-- Records of sys_user_role
-- ----------------------------
INSERT INTO `sys_user_role` VALUES ('1', '1');
INSERT INTO `sys_user_role` VALUES ('2', '2');
INSERT INTO `sys_user_role` VALUES ('100', '2');
